file,offset,budget,pinned,japanese,english
06178.sfm,0x2646,51,,"「テイルズオブファンタジア」クイズは
わたしが出すわ",
06178.sfm,0x267A,30,,全問正解目指して頑張りましょう,
06178.sfm,0x2699,12,,よし、行くぞ,
06178.sfm,0x26A6,22,,%sには簡単過ぎるかもね,
06178.sfm,0x26BD,12,,へへ、まあね,
06178.sfm,0x26CA,30,,それじゃ、行きましょう。第一問,
06178.sfm,0x26E9,8,,よっしゃ,
06178.sfm,0x26F2,22,,その調子で行きましょう,
06178.sfm,0x2709,14,,あ、あれ････？,
06178.sfm,0x2721,6,,第二問,
06178.sfm,0x2728,6,,第三問,
06178.sfm,0x272F,20,,出だしは好調みたいね,
06178.sfm,0x2744,6,,四問目,
06178.sfm,0x274B,6,,第五問,
06178.sfm,0x2752,6,,第六問,
06178.sfm,0x2759,18,,よっしゃ、よっしゃ,
06178.sfm,0x276C,14,,絶好調みたいね,
06178.sfm,0x277B,16,,おかしいなぁ････,
06178.sfm,0x278C,6,,第七問,
06178.sfm,0x2793,6,,第八問,
06178.sfm,0x279A,6,,第九問,
06178.sfm,0x27A1,24,,あと一問、正解すれば････,
06178.sfm,0x27BA,18,,よし、やってやる！,
06178.sfm,0x27CD,32,,せめて一問くらいは当てましょう？,
06178.sfm,0x27EE,12,,う、うん････,
06178.sfm,0x27FB,20,,これが最後よ、第十問,
06178.sfm,0x2810,14,,おっしゃぁー！,
06178.sfm,0x281F,18,,あぁぁぁぁぁ････！,
06178.sfm,0x2832,24,,くそー、ここまで来て････,
06178.sfm,0x284B,20,,ふぅ、危なかった････,
06178.sfm,0x2860,24,,まぁ、こんなもんかな････,
06178.sfm,0x2879,24,,おめでとう、全問正解よ！,
06178.sfm,0x2892,20,,ねぇ、本気出してる？,
06178.sfm,0x28A7,28,,次はもっと上を目指しましょう,
06178.sfm,0x28C4,24,,もっと勉強しましょう････,
06179.sfm,0x2646,51,,"%s様の「テイルズオブデスティニー２」クイズの
時間だ",
06179.sfm,0x267A,26,,全問正解目指して頑張ろうぜ,
06179.sfm,0x2695,12,,よし、行くぞ,
06179.sfm,0x26A2,32,,おまえにとっちゃ簡単なもんだろ？,
06179.sfm,0x26C3,12,,へへ、まあね,
06179.sfm,0x26D0,26,,それじゃ、始めるぜ。第一問,
06179.sfm,0x26EB,8,,よっしゃ,
06179.sfm,0x26F4,28,,よしよし、その調子で行こうぜ,
06179.sfm,0x2711,14,,あ、あれ････？,
06179.sfm,0x2720,20,,いきなりそれかよ････,
06179.sfm,0x2735,14,,続いて、第二問,
06179.sfm,0x2744,14,,さらに、第三問,
06179.sfm,0x2753,22,,出だしは好調みたいだな,
06179.sfm,0x276A,12,,よし、四問目,
06179.sfm,0x2777,14,,んじゃ、第五問,
06179.sfm,0x2786,16,,でもって、第六問,
06179.sfm,0x2797,18,,よっしゃ、よっしゃ,
06179.sfm,0x27AA,22,,なんか絶好調じゃねぇか,
06179.sfm,0x27C1,16,,おかしいなぁ････,
06179.sfm,0x27D2,12,,厄日だな････,
06179.sfm,0x27DF,22,,気を取り直して、第七問,
06179.sfm,0x27F6,24,,スパートかけろよ、第七問,
06179.sfm,0x280F,24,,ボチボチいこうぜ、第七問,
06179.sfm,0x2828,6,,第八問,
06179.sfm,0x282F,8,,来た････,
06179.sfm,0x2838,8,,････うん,
06179.sfm,0x2841,8,,おぃ････,
06179.sfm,0x284A,12,,う、うん････,
06179.sfm,0x2857,24,,気合い入れてけ、第九問！,
06179.sfm,0x2870,22,,来た、来た････来たぞ！,
06179.sfm,0x2887,18,,よし、やってやる！,
06179.sfm,0x289A,32,,せめて一問くらいは当てようぜ････,
06179.sfm,0x28BB,24,,運命の分かれ目、第十問！,
06179.sfm,0x28D4,24,,最後のチャンスだ、第十問,
06179.sfm,0x28ED,22,,こいつで最後だ、第十問,
06179.sfm,0x2904,14,,おっしゃぁー！,
06179.sfm,0x2913,18,,あぁぁぁぁぁ････！,
06179.sfm,0x2926,24,,くそー、ここまで来て････,
06179.sfm,0x293F,20,,ふぅ、危なかった････,
06179.sfm,0x2954,24,,まぁ、こんなもんかな････,
06179.sfm,0x296D,30,,すげぇぜ、%s！パーフェクトだ！,
06179.sfm,0x298C,34,,何も言うことはねぇよ････お疲れさん,
06179.sfm,0x29AF,44,,まぁまぁだな。更なる高みを目指して努力しろよ,
06179.sfm,0x29DC,30,,もっと勉強しねぇとダメだな････,
06180.sfm,0x2646,45,,"「テイルズオブデスティニー」クイズは
僕が出す",
06180.sfm,0x2674,20,,全問正解を目指すんだ,
06180.sfm,0x2689,12,,よし、行くぞ,
06180.sfm,0x2696,12,,油断するなよ,
06180.sfm,0x26A3,20,,大丈夫、任せといてよ,
06180.sfm,0x26B8,18,,では行くぞ、第一問,
06180.sfm,0x26CB,8,,よっしゃ,
06180.sfm,0x26D4,10,,その調子だ,
06180.sfm,0x26DF,14,,あ、あれ････？,
06180.sfm,0x26EE,28,,何をやっている、しっかりしろ,
06180.sfm,0x270B,6,,第二問,
06180.sfm,0x2712,6,,第三問,
06180.sfm,0x2719,16,,出だしは好調だな,
06180.sfm,0x272A,6,,四問目,
06180.sfm,0x2731,6,,第五問,
06180.sfm,0x2738,6,,第六問,
06180.sfm,0x273F,18,,よっしゃ、よっしゃ,
06180.sfm,0x2752,14,,それでいいんだ,
06180.sfm,0x2761,16,,おかしいなぁ････,
06180.sfm,0x2772,18,,ふざけているのか？,
06180.sfm,0x2785,6,,第七問,
06180.sfm,0x278C,6,,第八問,
06180.sfm,0x2793,6,,第九問,
06180.sfm,0x279A,14,,詰めを誤るなよ,
06180.sfm,0x27A9,18,,よし、やってやる！,
06180.sfm,0x27BC,16,,冗談のつもりか？,
06180.sfm,0x27CD,32,,そ、そんなことないんだけどな････,
06180.sfm,0x27EE,20,,これが最後だ、第十問,
06180.sfm,0x2803,14,,おっしゃぁー！,
06180.sfm,0x2812,18,,あぁぁぁぁぁ････！,
06180.sfm,0x2825,24,,くそー、ここまで来て････,
06180.sfm,0x283E,20,,ふぅ、危なかった････,
06180.sfm,0x2853,24,,まぁ、こんなもんかな････,
06180.sfm,0x286C,26,,全問正解だ。よく頑張ったな,
06180.sfm,0x289C,28,,おまえの実力はこんなもんか？,
06180.sfm,0x28B9,18,,修行が足らんな････,
06181.sfm,0x2646,47,,"さぁ「テイルズオブエターニア」クイズの
時間だよ",
06181.sfm,0x2676,34,,あたしのクイズは、ちょいと難しいよ,
06181.sfm,0x2699,12,,よし、行くぞ,
06181.sfm,0x26A6,16,,手加減は無用だよ,
06181.sfm,0x26B7,14,,わかってるって,
06181.sfm,0x26C6,20,,じゃあ行くよ、第一問,
06181.sfm,0x26DB,8,,よっしゃ,
06181.sfm,0x26E4,12,,その調子だよ,
06181.sfm,0x26F1,14,,あ、あれ････？,
06181.sfm,0x2700,22,,あせらない、あせらない,
06181.sfm,0x2717,14,,続いて、第二問,
06181.sfm,0x2726,14,,続いて、第三問,
06181.sfm,0x2735,18,,調子いいじゃないか,
06181.sfm,0x2748,6,,四問目,
06181.sfm,0x274F,6,,第五問,
06181.sfm,0x2756,6,,第六問,
06181.sfm,0x275D,18,,よっしゃ、よっしゃ,
06181.sfm,0x2770,18,,そう、その調子だよ,
06181.sfm,0x2783,16,,おかしいなぁ････,
06181.sfm,0x2794,34,,ほら、肩の力を抜いてリラックスだよ,
06181.sfm,0x27B7,6,,第七問,
06181.sfm,0x27BE,6,,第八問,
06181.sfm,0x27C5,6,,第九問,
06181.sfm,0x27CC,30,,あと一問！これさえ正解すれば！,
06181.sfm,0x27EB,18,,よし、やってやる！,
06181.sfm,0x27FE,24,,ほら、ドンマイ、ドンマイ,
06181.sfm,0x2817,12,,う、うん････,
06181.sfm,0x2824,22,,これが最後だよ、第十問,
06181.sfm,0x283B,14,,おっしゃぁー！,
06181.sfm,0x284A,18,,あぁぁぁぁぁ････！,
06181.sfm,0x285D,24,,くそー、ここまで来て････,
06181.sfm,0x2876,20,,ふぅ、危なかった････,
06181.sfm,0x288B,24,,まぁ、こんなもんかな････,
06181.sfm,0x28A4,34,,全問正解なんて、すごいじゃないか！,
06181.sfm,0x28C7,36,,こんな日もあるよ。気にすることないさ,
06181.sfm,0x28EC,32,,もうちょいだったんだけどねぇ････,
06181.sfm,0x290D,22,,次はきっとうまくいくよ,
06182.sfm,0x2646,24,,さ、クイズを始めましょ！,
06182.sfm,0x265F,36,,ま、あんたには難しいかもしれないけど,
06182.sfm,0x2684,12,,よし、行くぞ,
06182.sfm,0x2691,30,,傾向が読まれてきてるのかしら？,
06182.sfm,0x26B0,24,,そ、そんなことないよ････,
06182.sfm,0x26C9,24,,んじゃ、行くわよ、第一問,
06182.sfm,0x26E2,8,,よっしゃ,
06182.sfm,0x26EB,18,,ふむ、簡単すぎた？,
06182.sfm,0x26FE,14,,あ、あれ････？,
06182.sfm,0x270D,16,,ま、こんなもんね,
06182.sfm,0x271E,14,,続いて、第二問,
06182.sfm,0x272D,14,,さらに、第三問,
06182.sfm,0x273C,30,,これは、対策を立てる必要ありね,
06182.sfm,0x275B,6,,四問目,
06182.sfm,0x2762,6,,第五問,
06182.sfm,0x2769,6,,第六問,
06182.sfm,0x2770,18,,よっしゃ、よっしゃ,
06182.sfm,0x279E,16,,おかしいなぁ････,
06182.sfm,0x27AF,20,,ま、しょうがないわよ,
06182.sfm,0x27C4,6,,第七問,
06182.sfm,0x27CB,6,,第八問,
06182.sfm,0x27D2,6,,第九問,
06182.sfm,0x27D9,26,,明日は槍でも降るのかしら？,
06182.sfm,0x27F4,12,,あと一問だ！,
06182.sfm,0x2801,22,,ほら、あとがないわよ？,
06182.sfm,0x2818,12,,う、うん････,
06182.sfm,0x2825,20,,これで終了～、第十問,
06182.sfm,0x283A,14,,おっしゃぁー！,
06182.sfm,0x2849,18,,あぁぁぁぁぁ････！,
06182.sfm,0x285C,24,,くそー、ここまで来て････,
06182.sfm,0x2875,20,,ふぅ、危なかった････,
06182.sfm,0x288A,24,,まぁ、こんなもんかな････,
06182.sfm,0x28A3,16,,あんた、やるわね,
06182.sfm,0x28B4,30,,全て私の計算通りね、グフフ････,
06182.sfm,0x28D3,36,,ふむ、問題の出し方が甘かったかしら？,
06183.sfm,0x2646,36,,ＴＯＤ２問題、みんなでかかってこい！,
06183.sfm,0x266B,20,,全問正解できるかな？,
06183.sfm,0x2680,18,,今度は負けないぞ！,
06183.sfm,0x2693,25,,それじゃ、第一問、<Loni>！,
06183.sfm,0x26AD,12,,よし、来い！,
06183.sfm,0x26BA,10,,楽勝だな！,
06183.sfm,0x26C5,10,,ほっとけ！,
06183.sfm,0x26D0,15,,第二問、<Reala>！,
06183.sfm,0x26E0,4,,はい,
06183.sfm,0x26E5,10,,えへへ････,
06183.sfm,0x26F0,4,,え？,
06183.sfm,0x26F5,23,,じゃあ、第三問、<Judas>！,
06183.sfm,0x270D,14,,くだらんな････,
06183.sfm,0x271C,12,,ふん、当然だ,
06183.sfm,0x2729,26,,わざとに決まっているだろう,
06183.sfm,0x2744,15,,第四問、<Nanaly>！,
06183.sfm,0x2754,10,,まかせな！,
06183.sfm,0x275F,18,,ま、こんなもんだね,
06183.sfm,0x2772,18,,あれ、違ったかい？,
06183.sfm,0x2785,15,,第五問、<Harold>！,
06183.sfm,0x2795,8,,ホイ来た,
06183.sfm,0x279E,8,,当然だわ,
06183.sfm,0x27A7,20,,問題が間違ってるのよ,
06183.sfm,0x27BC,27,,第六問、最初に戻って<Loni>！,
06183.sfm,0x27D8,20,,よっしゃ、まかせろ！,
06183.sfm,0x27ED,10,,おっしゃ！,
06183.sfm,0x27F8,15,,第七問、<Reala>！,
06183.sfm,0x2808,10,,やったぁ！,
06183.sfm,0x2813,10,,そんな････,
06183.sfm,0x281E,15,,第八問、<Judas>！,
06183.sfm,0x282E,12,,何で僕が････,
06183.sfm,0x283B,22,,ちゃっかり正解してるし,
06183.sfm,0x2852,16,,間違えてるし････,
06183.sfm,0x2863,14,,う、うるさい！,
06183.sfm,0x2872,15,,第九問、<Nanaly>！,
06183.sfm,0x2882,6,,いいよ,
06183.sfm,0x2889,10,,見たかい！,
06183.sfm,0x2894,30,,誰だい、こんな問題作ったのは？,
06183.sfm,0x28B3,31,,第十問、これで終わりだ、<Harold>！,
06183.sfm,0x28D3,16,,まっかせなさい！,
06183.sfm,0x28E4,12,,簡単すぎだわ,
06183.sfm,0x28F1,16,,度し難いわね････,
06183.sfm,0x2902,20,,みんな、さすがだな！,
06183.sfm,0x2917,26,,あれ････難しすぎた、かな？,
06183.sfm,0x2932,36,,まだまだ、全問正解目指して頑張ろう！,
06183.sfm,0x2957,22,,もっともっと頑張ろう！,
06184.sfm,0x2684,15,,**間違い1,
06184.sfm,0x2694,15,,**間違い2,
06184.sfm,0x26A4,15,,**間違い3,
06184.sfm,0x26B4,15,,**間違い4,
06184.sfm,0x26C4,15,,**間違い5,
06184.sfm,0x26D4,15,,**間違い6,
06184.sfm,0x26E4,31,,**間違い7,
06184.sfm,0x2704,15,,**間違いです1,
06184.sfm,0x2714,15,,**間違いです2,
06184.sfm,0x2724,15,,**間違いです3,
06184.sfm,0x2734,15,,**間違いです4,
06184.sfm,0x2744,15,,**間違いです5,
06184.sfm,0x2754,15,,**間違いです6,
06184.sfm,0x2764,15,,**間違いです7,
06184.sfm,0x277A,18,,「せいかい」を選べ,
06184.sfm,0x278D,8,,せいかい,
06184.sfm,0x2796,10,,まちがい１,
06184.sfm,0x27A1,10,,まちがい２,
06184.sfm,0x27AC,10,,まちがい３,
06184.sfm,0x27B7,12,,せいかいです,
06184.sfm,0x27C4,14,,まちがい１です,
06184.sfm,0x27D3,14,,まちがい２です,
06184.sfm,0x27E2,14,,まちがい３です,
06184.sfm,0x27F1,8,,時間切れ,
06184.sfm,0x27FA,49,,"試練の洞窟で、実際に出現しない
忍者は誰でしょう？",
06184.sfm,0x282C,8,,さるとび,
06184.sfm,0x2835,6,,こすけ,
06184.sfm,0x283C,8,,さいぞう,
06184.sfm,0x2845,8,,じんぱち,
06184.sfm,0x284E,6,,正解！,
06184.sfm,0x2855,6,,違うわ,
06184.sfm,0x285C,16,,残念、時間切れね,
06184.sfm,0x286D,34,,チェスターの妹の名前は何でしょう？,
06184.sfm,0x2890,6,,アミィ,
06184.sfm,0x2897,8,,アーミィ,
06184.sfm,0x28A0,6,,アミン,
06184.sfm,0x28A7,8,,アーチェ,
06184.sfm,0x28B0,6,,アリス,
06184.sfm,0x28B7,6,,アイラ,
06184.sfm,0x28BE,8,,アミーィ,
06184.sfm,0x28C7,8,,アーミー,
06184.sfm,0x28D0,22,,････う～ん、おしいわね,
06184.sfm,0x28E7,22,,違うわ、もっと良く見て,
06184.sfm,0x28FE,14,,それは別の人よ,
06184.sfm,0x290D,24,,････う～ん、おしいかなぁ,
06184.sfm,0x2926,28,,ちょっと意地悪だったかしら？,
06184.sfm,0x2969,8,,オルソン,
06184.sfm,0x2972,8,,クレソン,
06184.sfm,0x297B,8,,ノーソン,
06184.sfm,0x2984,8,,トムソン,
06184.sfm,0x298D,8,,マンソン,
06184.sfm,0x2996,10,,ギャルソン,
06184.sfm,0x29A1,8,,アリソン,
06184.sfm,0x29AA,4,,ごん,
06184.sfm,0x29AF,28,,････ねぇ、適当に答えてない？,
06184.sfm,0x29CC,30,,････ちょっと難しかったかしら？,
06184.sfm,0x29EB,57,,"ユークリッド城の闘技場で
突然乱入してくるのは誰でしょう？",
06184.sfm,0x2A25,6,,リリス,
06184.sfm,0x2A2C,6,,リッド,
06184.sfm,0x2A3B,6,,リオン,
06184.sfm,0x2A42,10,,コングマン,
06184.sfm,0x2A4D,6,,ファラ,
06184.sfm,0x2A5C,35,,"正解！
どうやって乱入したのかしら？",
06184.sfm,0x2A80,45,,"違うわ
それはテイルズオブエターニアの主人公よ",
06184.sfm,0x2AAE,10,,････えっ？,
06184.sfm,0x2AB9,62,,"違うわ
それはテイルズオブデスティニーに
出てくるキャラクターよ",
06184.sfm,0x2AF8,60,,"違うわ
それはテイルズオブエターニアに
出てくるキャラクターよ",
06184.sfm,0x2B35,16,,乱入････したの？,
06184.sfm,0x2B46,26,,ちょっと意外な人だと思うわ,
06184.sfm,0x2B9F,10,,みそおでん,
06184.sfm,0x2BAA,8,,にくなべ,
06184.sfm,0x2BB3,10,,さかななべ,
06184.sfm,0x2BBE,14,,ビーフシチュー,
06184.sfm,0x2BCD,8,,だいこん,
06184.sfm,0x2BD6,8,,かんづめ,
06184.sfm,0x2BDF,50,,"正解！
全回復するなんて
すごい食べ物だと思わない？",
06184.sfm,0x2C12,18,,････生で食べるの？,
06184.sfm,0x2C25,32,,････それは料理とは言わないわ････,
06184.sfm,0x2C46,56,,"いつも食べてばかりじゃなくて
<Kyle>も料理を覚えましょう？",
06184.sfm,0x2C7F,63,,"モンスター「トレント」から
盗むことの出来る交易品は何でしょう？",
06184.sfm,0x2CBF,8,,こくたん,
06184.sfm,0x2CC8,6,,セージ,
06184.sfm,0x2CCF,8,,セボリー,
06184.sfm,0x2CD8,12,,ティーカップ,
06184.sfm,0x2CE5,10,,しゃみせん,
06184.sfm,0x2CF0,16,,しんせいなまるた,
06184.sfm,0x2D01,6,,ねっこ,
06184.sfm,0x2D08,33,,"違うわ
これは成長アイテムの一つよ",
06184.sfm,0x2D2A,27,,"違うわ
成長アイテムの一つよ",
06184.sfm,0x2D46,42,,"違うわ
これはバンシーから
手に入れられるわ",
06184.sfm,0x2D71,44,,"違うわ
ニンジャマスターから
手に入れられるわ",
06184.sfm,0x2D9E,29,,"違うわ
とても貴重なアイテムよ",
06184.sfm,0x2DBC,30,,････それを････どうするつもり？,
06184.sfm,0x2DDB,28,,････ちょっと難しかったかな？,
06184.sfm,0x2DF8,55,,"風の精霊の研究者、
バート・クラインは誰の父親でしょう？",
06184.sfm,0x2E30,6,,ミント,
06184.sfm,0x2E37,6,,クレス,
06184.sfm,0x2E3E,10,,チェスター,
06184.sfm,0x2E49,8,,クラース,
06184.sfm,0x2E52,4,,すず,
06184.sfm,0x2E57,33,,<Kyle>の父親はスタンさんでしょう？,
06184.sfm,0x2E79,16,,残念、時間切れよ,
06184.sfm,0x2F04,16,,モンスター大百科,
06184.sfm,0x2F28,18,,モンスター特大全集,
06184.sfm,0x2F4A,14,,モンスター百科,
06184.sfm,0x2F59,16,,モンスターえほん,
06184.sfm,0x2F6A,18,,たのしいモンスター,
06184.sfm,0x2F7D,33,,"違うわ
もっと多いときのタイトルね",
06184.sfm,0x2F9F,31,,"違うわ
完成したときのタイトルね",
06184.sfm,0x2FBF,23,,"違うわ
最初のタイトルね",
06184.sfm,0x2FD7,22,,････う～ん、おしいなぁ,
06184.sfm,0x2FEE,26,,良く考えたら分かると思うわ,
06184.sfm,0x3009,121,,"モリスンの後を追い、
地下墓地に踏み込んだクレスたち
危険地帯を渡るための浮遊装置に乗った
クレスが発した言葉は何でしょう？",
06184.sfm,0x3083,22,,浮いてる････かっこいー,
06184.sfm,0x309A,20,,浮いてる････すごい！,
06184.sfm,0x30AF,22,,浮いてる････なんで！？,
06184.sfm,0x30C6,22,,浮いてる････これなら！,
06184.sfm,0x30DD,16,,浮いてる････わー,
06184.sfm,0x3122,109,,"アルヴァニスタのレアード王子を
あやつっていた魔物・ジャミルが
正体を隠すため姿をかえていた
ものは何でしょう？",
06184.sfm,0x3190,6,,インコ,
06184.sfm,0x3197,10,,王子の側近,
06184.sfm,0x31A2,6,,メイド,
06184.sfm,0x31A9,4,, 犬 ,
06184.sfm,0x31AE,4,, 猫 ,
06184.sfm,0x31B3,16,,ブッシュベイビー,
06184.sfm,0x3211,16,,エメラルドの指輪,
06184.sfm,0x3222,18,,ダイヤモンドの指輪,
06184.sfm,0x3235,16,,サファイアの指輪,
06184.sfm,0x3246,12,,ルビーの指輪,
06184.sfm,0x3253,16,,ターコイズの指輪,
06184.sfm,0x333A,125,,"プレイステーション版ミニゲーム
ＧＲＯＯＶＹアーチェで、
アーチェが「ＧＲＯＯＶＹ」の称号を
得るのに必要な点数は何点でしょう？",
06184.sfm,0x33B8,8,,２０万点,
06184.sfm,0x33C1,8,,１０万点,
06184.sfm,0x33CA,8,,３０万点,
06184.sfm,0x33D3,8,,４０万点,
06184.sfm,0x33DC,8,,５０万点,
06184.sfm,0x344F,6,,ポープ,
06184.sfm,0x3456,12,,カーディナル,
06184.sfm,0x3463,10,,ビショップ,
06184.sfm,0x346E,10,,プリースト,
06184.sfm,0x3479,10,,クレリック,
06184.sfm,0x3484,90,,"この称号は最高の法術師の 
証となるもので
ミントがこれを名乗るには
彼女のレベルが８０必要よ",
06184.sfm,0x34DF,84,,"この称号は
選ばれた法術師に与えられる称号だけど
もっと上のランクの称号が存在するわよ",
06184.sfm,0x3534,113,,"プレイステーション版のクレスが
「おうぎでんしょう」の
称号と共に習得する
アルベイン流剣術・最終奥義は何でしょう？",
06184.sfm,0x35B1,6,,次元斬,
06184.sfm,0x35B8,10,,時空蒼破斬,
06184.sfm,0x35C3,10,,殺劇舞荒剣,
06184.sfm,0x35CE,66,,"クレスの父ミゲールが、
かつて幼きクレスの前で
一度だけ見せた奥義ね",
06184.sfm,0x3656,10,,じゅうぞう,
06184.sfm,0x3661,6,,さすけ,
06184.sfm,0x3668,8,,おれさま,
06184.sfm,0x3671,8,,ねこにん,
06184.sfm,0x367A,26,,違うわ。この人は最初の人よ,
06184.sfm,0x3695,26,,違うわ。この人は最後の人よ,
06184.sfm,0x36B0,14,,････名前なの？,
06184.sfm,0x36BF,28,,････ねこ「忍」じゃないわ････,
06184.sfm,0x36DC,68,,"仲間をコントローラで
直接操作できるようになる
アイテムは何でしょう？",
06184.sfm,0x3721,12,,チャネリング,
06184.sfm,0x372E,16,,ソーサラーリング,
06184.sfm,0x373F,16,,テクニカルリング,
06184.sfm,0x3750,14,,ダッシュリング,
06184.sfm,0x375F,14,,シンクロリング,
06184.sfm,0x376E,50,,"違うわ。<Kyle>も持ってるから
違うって分かるでしょ？",
06184.sfm,0x37A1,55,,"違うわ。自分をマニュアル操作
できるようにするアイテムよ",
06184.sfm,0x37D9,45,,"違うわ。ダッシュが出来るように
なるアイテムよ",
06184.sfm,0x3807,30,,違うわ。そんなアイテムは無いわ,
06184.sfm,0x3826,39,,"主人公クレスの
フルネームは何でしょう？",
06184.sfm,0x384E,18,,クレス・アルベイン,
06184.sfm,0x3861,20,,クレス・バークライト,
06184.sfm,0x3876,18,,クレス・アドネード,
06184.sfm,0x3889,20,,クレス・Ｆ・レスター,
06184.sfm,0x389E,16,,クレス・クライン,
06184.sfm,0x38BA,45,,"違うわ。『バークライト』は
チェスターの苗字よ",
06184.sfm,0x38E8,39,,"違うわ。『アドネード』は
ミントの苗字よ",
06184.sfm,0x3910,43,,"違うわ。『Ｆ・レスター』は
クラースの苗字よ",
06184.sfm,0x393C,39,,"違うわ。『クライン』は
アーチェの苗字よ",
06184.sfm,0x3964,49,,"････それはすずの苗字
････もしかしてわざとかしら？",
06184.sfm,0x3996,26,,ちょっと難しかったかしら？,
06184.sfm,0x39B1,49,,"世界樹ユグドラシルに宿る
精霊の名前は何でしょう？",
06184.sfm,0x39E3,8,,マーテル,
06184.sfm,0x39EC,8,,マッテル,
06184.sfm,0x39F5,12,,ウンディーネ,
06184.sfm,0x3A02,6,,シルフ,
06184.sfm,0x3A09,10,,イフリート,
06184.sfm,0x3A14,6,,アスカ,
06184.sfm,0x3A1B,24,,違うわ。それは水の精霊よ,
06184.sfm,0x3A34,24,,違うわ。それは風の精霊よ,
06184.sfm,0x3A4D,24,,違うわ。それは火の精霊よ,
06184.sfm,0x3A66,24,,違うわ。それは光の精霊よ,
06184.sfm,0x3A7F,97,,"かつてフェンリルと
オーディーンが戦った終末戦争
エルフ族の人たちはこれを
何と呼んでいるでしょう？",
06184.sfm,0x3AE1,10,,ラグナロク,
06184.sfm,0x3AEC,8,,天地戦争,
06184.sfm,0x3AF5,14,,ヴァルハラ戦役,
06184.sfm,0x3B04,10,,怪獣大決戦,
06184.sfm,0x3B0F,32,,"正解！
 すごい、よく知ってるわね",
06184.sfm,0x3B30,47,,"それはわたしたちの住んでいる
世界の話でしょ････",
06184.sfm,0x3B60,30,,････変な本の読み過ぎじゃない？,
06184.sfm,0x3B7F,27,,<Kyle>は歴史が苦手なのね････,
06184.sfm,0x3B9B,59,,"時間と空間を自由に操ることができる
魔剣の名前は何でしょう？",
06184.sfm,0x3BD7,16,,エターナルソード,
06184.sfm,0x3BE8,16,,エターニアソード,
06184.sfm,0x3BF9,14,,エクスカリバー,
06184.sfm,0x3C08,14,,アークウィンド,
06184.sfm,0x3C17,12,,ガントレット,
06184.sfm,0x3C24,10,,ディムロス,
06184.sfm,0x3C2F,52,,"正解！
この剣の力で、ダオスの
時間転移を封じたのよね",
06184.sfm,0x3C64,22,,おしい、ちょっと違うわ,
06184.sfm,0x3C7B,35,,"違うわ
剣には違いないんだけれど････",
06184.sfm,0x3C9F,23,,"違うわ
それは槍の名前よ",
06184.sfm,0x3CB7,19,,"違うわ
それは防具よ",
06184.sfm,0x3CCB,43,,"魔剣って････ディムロスさんに
失礼じゃない？",
06184.sfm,0x3CF7,51,,"海賊アイフリードが
真の宝と認めたものは何でしょう？",
06184.sfm,0x3D2B,16,,ロザニアのドレス,
06184.sfm,0x3D3C,14,,グリーントーチ,
06184.sfm,0x3D4B,16,,ゴールデンヘルム,
06184.sfm,0x3D5C,6,,Ｎ・Ｇ,
06184.sfm,0x3D63,16,,セントハルバード,
06184.sfm,0x3D74,10,,こんにゃく,
06184.sfm,0x3D7F,58,,"正解！
奥さんのドレスが一番の宝
なんて、なんだかいい話よね",
06184.sfm,0x3DBA,28,,違うわ。それも宝の一つだけど,
06184.sfm,0x3DD7,30,,それは簡単に手に入るでしょう？,
06184.sfm,0x3DF6,30,,すずの祖父の名前は何でしょう？,
06184.sfm,0x3E15,4,,乱蔵,
06184.sfm,0x3E1F,6,,おきよ,
06184.sfm,0x3E26,8,,すず祖父,
06184.sfm,0x3E2F,30,,違うわ。それはお父さんの名前よ,
06184.sfm,0x3E4E,30,,違うわ。それはお母さんの名前よ,
06184.sfm,0x3E6D,35,,"････の、名前を聞いてるん
だけど････",
06184.sfm,0x3E91,18,,ねこにんだったの？,
06184.sfm,0x3EA4,22,,････まじめに答えてる？,
06184.sfm,0x3EBB,30,,時間切れ、もっと勉強しましょう,
06184.sfm,0x3EDA,81,,"エルフの血を引く魔術師 
エドワード＝Ｄ＝モリスンの
孫の孫の孫といえば誰でしょう？",
06184.sfm,0x3F2C,8,,ハロルド,
06184.sfm,0x3F35,10,,トリニクス,
06184.sfm,0x3F40,6,,ダオス,
06184.sfm,0x3F47,10,,バーナード,
06184.sfm,0x3F52,12,,アールグレイ,
06184.sfm,0x3F5F,51,,"正解！
私達の仲間の<Harold>とは
まったくの別人だけどね",
06184.sfm,0x3F93,65,,"ふふっ、ひっかかったわね
それは「孫の孫」。問題は「孫の孫の孫」よ",
06184.sfm,0x3FD5,22,,違うわ。それは別の人よ,
06184.sfm,0x3FEC,26,,････そんな話だったかしら？,
06184.sfm,0x4007,26,,違うわ。そんな人はいないわ,
06184.sfm,0x4022,35,,"違うわ
それって紅茶の名前じゃない？",
06184.sfm,0x4046,26,,ちょっと意地悪だったかな？,
06184.sfm,0x4061,32,,ミントの母親の名前は何でしょう？,
06184.sfm,0x4082,18,,メリル・アドネード,
06184.sfm,0x4095,18,,マリア・アルベイン,
06184.sfm,0x40A8,18,,メリル・アルベイン,
06184.sfm,0x40BB,18,,マリル・アドネード,
06184.sfm,0x40CE,18,,マリン・アドレッド,
06184.sfm,0x40E1,20,,ルーティ・カトレット,
06184.sfm,0x40F6,58,,"正解！
死んでからも娘のことを
ずっと見守っていたのよね････",
06184.sfm,0x4131,28,,違うわ。クレスの母親でしょ？,
06184.sfm,0x414E,18,,････う～ん、おしい,
06184.sfm,0x4161,16,,近いけど、違うわ,
06184.sfm,0x4172,20,,微妙にずれてるわ････,
06184.sfm,0x4187,27,,それは<Kyle>のお母さんよ････,
06184.sfm,0x41A3,20,,残念、時間切れよ････,
06184.sfm,0x41B8,59,,"大河サブイベント、時を越えた
恋物語といえば誰と誰でしょう？",
06184.sfm,0x41F4,20,,ナンシーとエルウィン,
06184.sfm,0x4209,14,,クレスとミント,
06184.sfm,0x4218,16,,ボビーとメアリー,
06184.sfm,0x4229,12,,ごんとおまつ,
06184.sfm,0x4236,20,,チェスターとアーチェ,
06184.sfm,0x424B,12,,<Kyle>と<Reala>,
06184.sfm,0x4258,60,,"正解！
二人の恋の行方によって
未来の子孫の様子が変わるのよね",
06184.sfm,0x4295,24,,サブイベント････かなぁ？,
06184.sfm,0x42AE,10,,それは誰？,
06184.sfm,0x42B9,32,,何処の国のお話だと思っているの？,
06184.sfm,0x42DA,18,,････は、はずれ････,
06184.sfm,0x42ED,25,,<Kyle>はこういう話は苦手？,
06184.sfm,0x4307,32,,フラムベルクは何の化身でしょう？,
06184.sfm,0x4328,14,,フランベルジュ,
06184.sfm,0x4337,12,,ブラムバルド,
06184.sfm,0x4344,14,,シルヴァラント,
06184.sfm,0x4353,16,,ヴォーバルソード,
06184.sfm,0x4364,12,,ダイヤモンド,
06184.sfm,0x4371,12,,ヘイムダール,
06184.sfm,0x437E,8,,テセアラ,
06184.sfm,0x4387,10,,カーラーン,
06184.sfm,0x4392,38,,"正解！
これは炎の剣で
三大武具の一つよ",
06184.sfm,0x43B9,28,,違うわ。それはエルフの族長ね,
06184.sfm,0x43D6,41,,"違うわ。それは空に浮かぶ大きな月の
名前よ",
06184.sfm,0x4400,39,,"違うわ。これは氷の剣で
３大武具の一つよ",
06184.sfm,0x4478,35,,"違うわ。空に浮かぶ小さな月の
名前よ",
06184.sfm,0x449C,35,,"違うわ。世界樹ユグドラシルの
別名ね",
06184.sfm,0x44C0,20,,名前をよく見ましょう,
06184.sfm,0x44D5,55,,"クラースの助手として
共に暮らす女性の名前は何でしょう？",
06184.sfm,0x450D,8,,ミラルド,
06184.sfm,0x4516,6,,マリン,
06184.sfm,0x451D,8,,オランダ,
06184.sfm,0x4526,10,,ガナーシェ,
06184.sfm,0x4531,6,,エミリ,
06184.sfm,0x4538,10,,エドワード,
06184.sfm,0x4543,8,,ドルミラ,
06184.sfm,0x454C,6,,ルツェ,
06184.sfm,0x457A,24,,違うわ。もっとよく考えて,
06184.sfm,0x4593,41,,"違うわ。その人はお城に仕える
メイドさんよ",
06184.sfm,0x45BD,20,,それ、女の人の名前？,
06184.sfm,0x45D2,80,,"アルヴァニスタの冒険者ギルドで
ライブを見ることが出来るけど
それは誰のでしょう？",
06184.sfm,0x4623,6,,よーみ,
06184.sfm,0x462A,8,,ＤＥＥＮ,
06184.sfm,0x4649,8,,倉木麻衣,
06184.sfm,0x4652,46,,"正解！
オープニングテーマを
歌ってくれるのよね",
06184.sfm,0x4681,50,,"違うわ。<Kyle>、お父さんたちの話
聞いたこと無いの？",
06184.sfm,0x46B4,57,,"違うわ。それはエターニアの
オープニングを歌ってる人たちよ",
06184.sfm,0x46EE,52,,"････<Kyle>、ひょっとして
オープニングの時、寝てるの？",
06184.sfm,0x4723,45,,"う～ん、聞いてみたいような
気もするけれど････",
06184.sfm,0x4751,78,,"法術師たちの象徴、汚れ無き
乙女にしか出会えないという
伝説の動物は何でしょう？",
06184.sfm,0x47A0,10,,ユニコーン,
06184.sfm,0x47AB,8,,ペガサス,
06184.sfm,0x47B4,8,,いっかく,
06184.sfm,0x47BD,6,,ノーム,
06184.sfm,0x47EC,49,,"････う～ん、おしいわ
伝説の動物ではあるけれど････",
06184.sfm,0x481E,41,,"違うわ。普通に出会えるんじゃ
ないかしら？",
06184.sfm,0x4848,24,,はずれ。それは土の精霊よ,
06184.sfm,0x4861,57,," <Loni>は動物じゃないわ
確かに乙女は好きそうだけれども････",
06184.sfm,0x489B,20,,残念、時間切れね････,
06184.sfm,0x48B0,61,,"古代エルフ族が使っていた言語は
「プライマル････」何でしょう？",
06184.sfm,0x48EE,16,,エルヴン・ロアー,
06184.sfm,0x48FF,16,,エルロン・ヘアー,
06184.sfm,0x4910,16,,ジツモン・シアー,
06184.sfm,0x4921,18,,エルブン・ロノフー,
06184.sfm,0x4934,16,,ジルモン・ジター,
06184.sfm,0x4945,16,,ジコゲン・バダー,
06184.sfm,0x4956,23,,"正解！
よく知ってたわね",
06184.sfm,0x496E,26,,････なんか違うんじゃない？,
06184.sfm,0x4989,22,,もう少し勉強しましょう,
06184.sfm,0x49A0,78,,"超古代都市トールで遊べる
アーチェが主人公の
ミニゲームのタイトルは何でしょう？",
06184.sfm,0x49EF,20,,ＧＲＯＯＶＹアーチェ,
06184.sfm,0x4A04,16,,マジカルアーチェ,
06184.sfm,0x4A15,20,,ＧＯ！ＧＯ！アーチェ,
06184.sfm,0x4A2A,18,,ＳＵＰＥＲアーチェ,
06184.sfm,0x4A3D,18,,アーチェ空中大決戦,
06184.sfm,0x4A50,18,,アーチェが空を行く,
06184.sfm,0x4A63,18,,ダンシングアーチェ,
06184.sfm,0x4A76,18,,チェスターの的当て,
06184.sfm,0x4A89,48,,"正解！
なかなか楽しめる
シューティングゲームよね",
06184.sfm,0x4ABA,36,,"違うわ。<Kyle>
そういうのが好きなの？",
06184.sfm,0x4ADF,45,,"違うわ。イメージとしては
いいんだけれども････",
06184.sfm,0x4B0D,45,,"違うわ。もうちょっとかっこいい
タイトルかな？",
06184.sfm,0x4B3B,22,,････適当に答えてない？,
06184.sfm,0x4B52,39,,"違うわ。そういう内容の
ゲームじゃないわ",
06184.sfm,0x4B7A,41,,"････アーチェが主人公って
言ってるのに････",
06184.sfm,0x4BA4,53,,"トーティスの村でだけ食べられる
幻の料理は何でしょう？",
06184.sfm,0x4BDA,14,,マーボーカレー,
06184.sfm,0x4BE9,8,,ボルシチ,
06184.sfm,0x4BF2,8,,おにぎり,
06184.sfm,0x4BFB,12,,ペスカトーレ,
06184.sfm,0x4C08,12,,ハヤシライス,
06184.sfm,0x4C15,54,,"正解！
わたしたちの世界では
ごく一般的な料理だけれども",
06184.sfm,0x4C4C,43,,"違うわ。幻の料理と
言えなくも無いけれど････",
06184.sfm,0x4C78,35,,"違うわ。それは普通に作れると
思うわ",
06184.sfm,0x4C9C,43,,"違うわ。最初から知ってると
思うんだけど････",
06184.sfm,0x4CC8,37,,"違うわ。珍しい料理では
あるけれど････",
06184.sfm,0x4CEE,40,,"<Kyle>、食べることしか
頭に無いでしょ････",
06184.sfm,0x4D65,12,,エルヴンボウ,
06184.sfm,0x4D72,14,,マーシレスボウ,
06184.sfm,0x4D81,16,,ベルセルクアロー,
06184.sfm,0x4D92,16,,アクアスフレッド,
06184.sfm,0x4DA3,8,,天使の弓,
06184.sfm,0x4DAC,53,,"残念、時間切れね
２００００ガルドで修理してくれるのよ",
06184.sfm,0x4DE2,61,,"闇の洞窟で闇を照らす
アイテム、この中で違う物はどれでしょう？",
06184.sfm,0x4E20,12,,イエローサン,
06184.sfm,0x4E2D,16,,ブルーキャンドル,
06184.sfm,0x4E3E,14,,レッドランタン,
06184.sfm,0x4E4D,70,,"海賊アイフリード
彼が何よりも素晴らしい
宝物としてたものは何でしょう？",
06184.sfm,0x4E94,8,,愛する妻,
06184.sfm,0x4E9D,6,,子分達,
06184.sfm,0x4EA4,6,,海賊船,
06184.sfm,0x4EAB,4,,お金,
06184.sfm,0x4EB0,4,,宝石,
06184.sfm,0x4EB5,13,,"正解！
愛････",
06184.sfm,0x4EC3,39,,"違うわ
でも大切にしてたんでしょうね････",
06184.sfm,0x4EEB,47,,"過去のローンヴァレイ
向かった目的は何でしょう？",
06184.sfm,0x4F30,18,,風の強さを確かめに,
06184.sfm,0x4F43,18,,伝説の武器を探しに,
06184.sfm,0x4F56,12,,試練を受けに,
06184.sfm,0x4F63,14,,頼み事をされて,
06184.sfm,0x4F72,39,,"違うわ
でも、あそこの風は強いわよね････",
06184.sfm,0x5002,12,,本場のカリー,
06184.sfm,0x500F,10,,ナポリタン,
06184.sfm,0x501A,18,,ビーフストロガノフ,
06184.sfm,0x5036,43,,"違うわ
好きな人にはたまらないでしょうね････",
06184.sfm,0x5062,71,,"ユークリッド城で行われている武術大会
突風と共に乱入してくる二人組は誰？",
06184.sfm,0x50C4,12,,作蔵とおきよ,
06184.sfm,0x50D1,12,,作蔵とおしん,
06184.sfm,0x50E9,14,,おしんとおみよ,
06184.sfm,0x50F8,52,,"残念、時間切れね
この二人、すずのご両親
なのよね････",
06184.sfm,0x5191,10,,４時４８分,
06184.sfm,0x519C,8,,５時２分,
06184.sfm,0x51A5,12,,１２時００分,
06184.sfm,0x51B2,10,,８時３０分,
06184.sfm,0x51BD,12,,００時００分,
06184.sfm,0x51CA,35,,"違うわ
ちょうどお昼の時刻だけど････",
06184.sfm,0x51EE,29,,"違うわ
日付が変わる時刻ね････",
06184.sfm,0x520C,78,,"アイフリードの財宝を
出現させるために訪れなければ
いけない場所はどこでしょう？",
06184.sfm,0x525B,8,,ダオス城,
06184.sfm,0x5264,14,,ミッドガルズ城,
06184.sfm,0x5273,12,,１２星座の塔,
06184.sfm,0x5280,12,,モリスンの家,
06184.sfm,0x528D,12,,エルフの集落,
06184.sfm,0x529A,54,,"違うわ
偉大な法術師モリスンの
子孫が住んでいたわね････",
06184.sfm,0x52D1,39,,"海賊アイフリードの
宝のありかは何カ所？",
06184.sfm,0x52F9,4,,２２,
06184.sfm,0x52FE,4,,２０,
06184.sfm,0x5303,4,,２５,
06184.sfm,0x5308,4,,３０,
06184.sfm,0x530D,6,,１２０,
06184.sfm,0x5373,8,,宿屋の女,
06184.sfm,0x537C,10,,武器屋の女,
06184.sfm,0x5387,10,,防具屋の男,
06184.sfm,0x5392,8,,酒場の男,
06184.sfm,0x539B,12,,道具屋の子供,
06184.sfm,0x53A8,62,,"正解！
そう。その女性こそ、アーチェの
お母さんだったのよね････",
06184.sfm,0x53E7,109,,"石取り名人に勝つと
称号「石取り名人」がもらえるけれど
それにともない、石取り名人の
名前はどう変わるでしょう？",
06184.sfm,0x5455,14,,元・石取り名人,
06184.sfm,0x5464,14,,旧・石取り名人,
06184.sfm,0x5473,14,,真・石取り名人,
06184.sfm,0x5482,16,,元祖・石取り名人,
06184.sfm,0x5493,14,,古・石取り名人,
06184.sfm,0x54A2,42,,"正解！
この人に勝つと
再戦を挑まれるのよね",
06184.sfm,0x54CD,67,,"すずの使う特技で、モンスターから
アイテムを盗むものはどれでしょう？",
06184.sfm,0x5511,6,,不知火,
06184.sfm,0x5518,4,,葉隠,
06184.sfm,0x5529,4,,写身,
06184.sfm,0x552E,37,,"この特技は
敵から逃げるものだったわよ",
06184.sfm,0x5554,43,,"この特技は
空気の刃で攻撃するものだったわよ",
06184.sfm,0x5580,47,,"この特技は
巨大なカエルで攻撃するものだったわよ",
06184.sfm,0x55B0,45,,"この特技は
すず自身を分身させるものだったわよ",
06184.sfm,0x55DE,53,,"この中で、実際には存在しない
アイテムはどれでしょう？",
06184.sfm,0x5614,12,,きょうかしょ,
06184.sfm,0x5621,10,,じゃんぱい,
06184.sfm,0x562C,16,,しょうかいじょう,
06184.sfm,0x563D,12,,レッドカード,
06184.sfm,0x564A,8,,トランプ,
06184.sfm,0x5653,39,,"正解！
「きょかしょう」ならあったのよね",
06184.sfm,0x567B,55,,"この中で、実際には存在しない
モンスターはどれでしょう？",
06184.sfm,0x56B3,16,,ＤＥＡＤＥＹＥ？,
06184.sfm,0x56C4,16,,ＤＡＲＫＥＹＥ？,
06184.sfm,0x56D5,16,,ＲＯＡＭＥＹＥ？,
06184.sfm,0x56E6,16,,ＳＥＡＬＥＹＥ？,
06184.sfm,0x56F7,76,,"未来の宿屋で起こる
チェスターの特訓イベントで
入手できる称号はどれでしょう？",
06184.sfm,0x5744,10,,どりょくか,
06184.sfm,0x574F,12,,マメにんげん,
06184.sfm,0x575C,12,,まけずぎらい,
06184.sfm,0x5769,14,,ゆみのたつじん,
06184.sfm,0x579E,8,,ジュアン,
06184.sfm,0x57A7,8,,ジョアン,
06184.sfm,0x57B0,8,,ジャアン,
06184.sfm,0x57B9,6,,マリア,
06184.sfm,0x57C0,6,,マリマ,
06184.sfm,0x57C7,6,,アリマ,
06184.sfm,0x57CE,6,,アリア,
06184.sfm,0x57D5,4,,めけ,
06184.sfm,0x57DA,75,,"チェスターが
称号「やさしいあにき」を
得る為に必要なアイテムは
何でしょう？",
06184.sfm,0x5826,6,,りんご,
06184.sfm,0x582D,12,,アップルグミ,
06184.sfm,0x583A,12,,えひめみかん,
06184.sfm,0x5847,12,,オレンジグミ,
06184.sfm,0x5854,43,,"アミィだけが作れる
幻の料理とは何でしょう？",
06184.sfm,0x5880,12,,サンドイッチ,
06184.sfm,0x588D,14,,マーボーどうふ,
06184.sfm,0x589C,12,,モアナカレー,
06184.sfm,0x590C,4,,石像,
06184.sfm,0x5911,4,,大岩,
06184.sfm,0x5916,4,,大穴,
06184.sfm,0x591B,4,,大木,
06184.sfm,0x5920,82,,"ユーグリッドの都で
食材屋「マリオン」の調理人から
教えてもらえる料理は何でしょう？",
06184.sfm,0x5973,14,,ロールキャベツ,
06184.sfm,0x5982,12,,やきそばパン,
06184.sfm,0x598F,12,,さぬきうどん,
06184.sfm,0x599C,70,,"クレスが地下牢で閉じこめら
れた時に見た死体は誰のもの
だったでしょう？",
06184.sfm,0x59E3,10,,ミントの母,
06184.sfm,0x59EE,8,,サクラバ,
06184.sfm,0x59F7,4,,村長,
06184.sfm,0x5A41,10,,黒い鎧の男,
06184.sfm,0x5A4C,12,,赤い仮面の男,
06184.sfm,0x5A59,12,,金色の髪の男,
06184.sfm,0x5A71,43,,"モリスンが追っていた
男の名前は何でしょう？",
06184.sfm,0x5A9D,18,,マルス・ウルドール,
06184.sfm,0x5AB0,16,,ロバート・デイス,
06184.sfm,0x5AC1,22,,バルバトス・ゲーティア,
06184.sfm,0x5AD8,21,,クラース・F・レスター,
06184.sfm,0x5AEE,64,,"地下墓地にたどり着くため
の扉の封印を解くには何が
必要でしょう？",
06184.sfm,0x5B2F,12,,レイスルビー,
06184.sfm,0x5B3C,16,,レイスサファイア,
06184.sfm,0x5B4D,14,,レイスゴールド,
06184.sfm,0x5B5C,14,,レイストパーズ,
06184.sfm,0x5B6B,49,,"ベルアダムの村を起こした
村長の名前は何でしょう？",
06184.sfm,0x5B9D,8,,レニオス,
06184.sfm,0x5BA6,8,,キタモリ,
06184.sfm,0x5BAF,8,,デミテル,
06184.sfm,0x5BB8,10,,カンバラー,
06184.sfm,0x5BC3,68,,"過去で読むことが出来るように
なる山道の立て札は何と読める
でしょう？",
06184.sfm,0x5C08,18,,北寄りの道、危険！,
06184.sfm,0x5C1B,18,,東寄りの道、危険！,
06184.sfm,0x5C2E,18,,西寄りの道、危険！,
06184.sfm,0x5C41,18,,南寄りの道、危険！,
06184.sfm,0x5C8C,18,,研究に協力すること,
06184.sfm,0x5C9F,22,,腹いっぱい食わせること,
06184.sfm,0x5CB6,26,,モンスターを倒してくること,
06184.sfm,0x5CD1,16,,踊りをみせること,
06184.sfm,0x5CE2,55,,"ローンヴァレイの奥に進むために
必要なものは何でしょう？",
06184.sfm,0x5D1A,16,,ロープとつるはし,
06184.sfm,0x5D2B,16,,スコップとバケツ,
06184.sfm,0x5D3C,16,,あひるのおもちゃ,
06184.sfm,0x5D4D,8,,石切り機,
06184.sfm,0x5D56,59,,"フレンチトーストを教えてくれる
料理人はどこにいるでしょう？",
06184.sfm,0x5D92,20,,ハーメルの町の橋の下,
06184.sfm,0x5DA7,20,,ベネツィア市の橋の上,
06184.sfm,0x5DBC,22,,ユーグリッド村の橋の横,
06184.sfm,0x5DD3,20,,オオツカの町の橋の奥,
06184.sfm,0x5E18,14,,オパールの指輪,
06184.sfm,0x5E27,6,,水の剣,
06184.sfm,0x5E2E,10,,純金の首輪,
06184.sfm,0x5E39,4,,大金,
06184.sfm,0x5E3E,74,,"精霊がこの世で生きる為に
必要であり、また、魔術の
源となる力は何でしょう？",
06184.sfm,0x5E89,4,,マナ,
06184.sfm,0x5E8E,4,,カナ,
06184.sfm,0x5E93,4,,ルナ,
06184.sfm,0x5E98,4,,リナ,
06184.sfm,0x5E9D,55,,"崩壊したハーメルの町の唯一
の生存者の名前は何でしょう？",
06184.sfm,0x5ED5,4,,リア,
06184.sfm,0x5EDA,4,,リサ,
06184.sfm,0x5EDF,6,,リンダ,
06184.sfm,0x5EE6,63,,"ベネツィア市で武器屋や防具屋
へ行くにはどうすればいいでしょう？",
06184.sfm,0x5F26,24,,３０ガルドで渡し船に乗る,
06184.sfm,0x5F3F,22,,２ガルドで渡し船に乗る,
06184.sfm,0x5F56,26,,４００ガルドで渡し船に乗る,
06184.sfm,0x5F71,28,,５０００ガルドで渡し船に乗る,
06184.sfm,0x5FBE,20,,アクアマリンとルビー,
06184.sfm,0x5FD3,8,,婚約指輪,
06184.sfm,0x5FDC,12,,秘密のことば,
06184.sfm,0x5FE9,41,,"「うわばみ」の称号を
得るのは誰でしょう？",
06184.sfm,0x6013,68,,"モーリア坑道入坑許可証は
アルヴァニスタのどこで手に
入れるでしょう？",
06184.sfm,0x6058,24,,冒険者ギルド「パニック」,
06184.sfm,0x6071,24,,冒険者ギルド「コサック」,
06184.sfm,0x608A,24,,冒険者ギルド「トリック」,
06184.sfm,0x60A3,24,,冒険者ギルド「トリップ」,
06184.sfm,0x60BC,70,,"精霊の洞窟に行くために
必要な秘密の言葉を売って
くれるのは誰でしょう？",
06184.sfm,0x6103,9,,サクラヤ ,
06184.sfm,0x610D,8,,ロクラバ,
06184.sfm,0x6116,8,,サクロバ,
06184.sfm,0x611F,73,,"「レザーマント」を「ルーンボトル」で
変化させると出来るものは何でしょう？",
06184.sfm,0x6169,12,,アクアマント,
06184.sfm,0x6176,14,,ビックリマント,
06184.sfm,0x6185,12,,スターマント,
06184.sfm,0x6192,16,,ファイアーマント,
06184.sfm,0x61A3,92,,"雑貨屋「テンダロイン」の倉庫の
四つの宝箱の中身をすべて手に入
れるには何ガルド必要でしょう？",
06184.sfm,0x6200,18,,２３００００ガルド,
06184.sfm,0x6213,16,,１００００ガルド,
06184.sfm,0x6224,12,,５００ガルド,
06184.sfm,0x6231,18,,１９８０００ガルド,
06184.sfm,0x6244,72,,"「マント」を「ルーンボトル」
で変化させると出来るアイテム
は何でしょう？",
06184.sfm,0x628D,12,,フレアマント,
06184.sfm,0x629A,14,,サンダーマント,
06184.sfm,0x62A9,18,,エレメンタルマント,
06184.sfm,0x62BC,36,,パナシーアボトルの効力は何でしょう？,
06184.sfm,0x62E1,18,,ステータス異常治癒,
06184.sfm,0x62F4,8,,ＴＰ回復,
06184.sfm,0x62FD,8,,ＨＰ回復,
06184.sfm,0x6306,10,,攻撃力上昇,
06184.sfm,0x6311,106,,"装備すると、戦闘中にマニュアル操作
ができ、垂直ジャンプ攻撃やコンボで
威力を発揮するアイテムは何でしょう？",
06184.sfm,0x637C,16,,コンボカウンター,
06184.sfm,0x638D,16,,エンゲージリング,
06184.sfm,0x639E,61,,"カスタムにコンボ表示させる
ことが出来るアイテムは何でしょう？",
06184.sfm,0x63DC,20,,テクニカルカウンター,
06184.sfm,0x63F1,14,,コンボマスター,
06184.sfm,0x6400,43,,"エドワードが集めていた
ものとは何でしょう？",
06184.sfm,0x642C,16,,バシリスクうろこ,
06184.sfm,0x643D,6,,レンズ,
06184.sfm,0x6444,10,,マグログミ,
06184.sfm,0x644F,6,,ほうき,
06184.sfm,0x6456,35,,"アーチェの母親の名前は
何でしょう？",
06184.sfm,0x647A,8,,ルーチェ,
06184.sfm,0x6483,10,,ルーティー,
06184.sfm,0x648E,10,,フルーチェ,
06184.sfm,0x6499,47,,"１２星座の塔の五階で求め
られる歌は何でしょう？",
06184.sfm,0x64C9,6,,暗き歌,
06184.sfm,0x64D0,8,,静かな歌,
06184.sfm,0x64D9,10,,勇ましい歌,
06184.sfm,0x64E4,8,,楽しい歌,
06184.sfm,0x64ED,72,,"エドワードの形見として、
アーチェがライゼンから
もらうものは何でしょう？",
06184.sfm,0x654F,14,,おもひでの写真,
06184.sfm,0x655E,10,,約束の指輪,
06184.sfm,0x6569,14,,のろいのベルト,
06184.sfm,0x6578,62,,"「メロン」と「こんぶ」と
引き替えに手に入るものは
何でしょう？",
06184.sfm,0x65B7,14,,グリーンカード,
06184.sfm,0x65C6,14,,イエローカード,
06184.sfm,0x65D5,14,,ブラックカード,
06184.sfm,0x65E4,42,,"トリニクス・D・モリスン
の孫は誰でしょう？",
06184.sfm,0x660F,12,,アイフリード,
06184.sfm,0x661C,91,,"フェンリルの教会内で
「ほのおのおまもり」
「こおりのおまもり」
を売っているのは誰でしょう？",
06184.sfm,0x6678,4,,亡霊,
06184.sfm,0x667D,4,,司祭,
06184.sfm,0x6682,8,,シスター,
06184.sfm,0x668B,10,,迷いの商人,
06184.sfm,0x6696,28,,すずの父の名前は何でしょう？,
06184.sfm,0x66B3,4,,半蔵,
06184.sfm,0x6713,6,,ウサギ,
06184.sfm,0x671A,4,,ネコ,
06184.sfm,0x671F,10,,ヒメネズミ,
06184.sfm,0x672A,63,,"ベネツィア市長の孫、チェルシーに
ピアノを教えるのは誰でしょう？",
06184.sfm,0x67AE,8,,おかしら,
06184.sfm,0x67B7,10,,のぞき英雄,
06184.sfm,0x67C2,59,,"すずが試練の洞窟で五番目に戦
うことになる忍者は誰でしょう？",
06184.sfm,0x67FE,6,,**問題,
06184.sfm,0x6805,6,,**正解,
06184.sfm,0x680C,8,,**正解！,
06185.sfm,0x2684,15,,**間違い1,
06185.sfm,0x2694,15,,**間違い2,
06185.sfm,0x26A4,15,,**間違い3,
06185.sfm,0x26B4,15,,**間違い4,
06185.sfm,0x26C4,15,,**間違い5,
06185.sfm,0x26D4,15,,**間違い6,
06185.sfm,0x26E4,31,,**間違い7,
06185.sfm,0x2704,15,,**間違いです1,
06185.sfm,0x2714,15,,**間違いです2,
06185.sfm,0x2724,15,,**間違いです3,
06185.sfm,0x2734,15,,**間違いです4,
06185.sfm,0x2744,15,,**間違いです5,
06185.sfm,0x2754,15,,**間違いです6,
06185.sfm,0x2764,15,,**間違いです7,
06185.sfm,0x277A,18,,「せいかい」を選べ,
06185.sfm,0x278D,8,,せいかい,
06185.sfm,0x2796,10,,まちがい１,
06185.sfm,0x27A1,10,,まちがい２,
06185.sfm,0x27AC,10,,まちがい３,
06185.sfm,0x27B7,12,,せいかいです,
06185.sfm,0x27C4,14,,まちがい１です,
06185.sfm,0x27D3,14,,まちがい２です,
06185.sfm,0x27E2,14,,まちがい３です,
06185.sfm,0x27F1,10,,時間切れだ,
06185.sfm,0x27FC,41,,"ノイシュタットで
一番駆け足の早い少年は？",
06185.sfm,0x2826,10,,マッハ少年,
06185.sfm,0x2831,12,,ダッシュ少年,
06185.sfm,0x283E,12,,ジェット少年,
06185.sfm,0x284B,20,,音速の貴公子グリッド,
06185.sfm,0x2860,10,,マッハ中年,
06185.sfm,0x286B,12,,ロケット少年,
06185.sfm,0x2878,6,,正解！,
06185.sfm,0x287F,8,,不正解！,
06185.sfm,0x2888,50,,"「漆黒の翼」トリオ
グリッド、ジョン
もうひとりは？",
06185.sfm,0x28BB,6,,ミリー,
06185.sfm,0x28C2,6,,メリー,
06185.sfm,0x28C9,6,,モリー,
06185.sfm,0x28D0,6,,ムリー,
06185.sfm,0x28D7,6,,マリー,
06185.sfm,0x28DE,8,,メアリー,
06185.sfm,0x28E7,8,,ミザリー,
06185.sfm,0x28F0,8,,エミリー,
06185.sfm,0x28F9,21,,<Kyle>の母親の名前は？,
06185.sfm,0x290F,9,, ルーティ,
06185.sfm,0x2919,9,, ルーチェ,
06185.sfm,0x2923,11,, ルーティー,
06185.sfm,0x292F,9,, ルーシー,
06185.sfm,0x2939,11,, ノレーティ,
06185.sfm,0x2945,9,, ルージュ,
06185.sfm,0x294F,9,, ルーシェ,
06185.sfm,0x2959,11,, ルーテイズ,
06185.sfm,0x2965,20,,お、よく見分けたな！,
06185.sfm,0x297A,24,,ははっ、ひっかかったな！,
06185.sfm,0x2993,30,,俺たちが育った孤児院の名前は？,
06185.sfm,0x29B2,11,, デュナミス,
06185.sfm,0x29BE,11,, デュミナス,
06185.sfm,0x29CA,11,, デミグラス,
06185.sfm,0x29D6,11,, ディムロス,
06185.sfm,0x29E2,9,, ドミナス,
06185.sfm,0x29EC,9,, ルミナス,
06185.sfm,0x29F6,11,, デュラハン,
06185.sfm,0x2A0E,33,,"俺たちの孤児院のある
街の名前は？",
06185.sfm,0x2A30,9,, クレスタ,
06185.sfm,0x2A3A,15,, ダリルシェイド,
06185.sfm,0x2A4A,13,, アイグレッテ,
06185.sfm,0x2A58,7,, リーネ,
06185.sfm,0x2A60,11,, ハーメンツ,
06185.sfm,0x2A6C,11,, アルメイダ,
06185.sfm,0x2A78,9,, ジェノス,
06185.sfm,0x2A82,15,, ハイデルベルグ,
06185.sfm,0x2A92,22,,こんなの間違わないよな,
06185.sfm,0x2AA9,20,,そんなわけねぇだろ！,
06185.sfm,0x2ABE,34,,そりゃ、スタンさんの出身地だろ････,
06185.sfm,0x2AE1,36,,もう無くなっちまったよ、その村は････,
06185.sfm,0x2B06,36,,今はアイグレッテって呼ばれてるよ････,
06185.sfm,0x2B2B,36,,もう無くなっちまったよ、その街は････,
06185.sfm,0x2B50,33,,"俺たちの孤児院のある街の
名前は？",
06185.sfm,0x2B72,9,, クレスト,
06185.sfm,0x2B7C,9,, クラスタ,
06185.sfm,0x2B86,9,, クラスト,
06185.sfm,0x2B90,9,, クリフト,
06185.sfm,0x2B9A,9,, クロフツ,
06185.sfm,0x2BA4,9,, クラリス,
06185.sfm,0x2BAE,9,, クリスト,
06185.sfm,0x2BB8,52,,"四英雄の一人で
ストレイライズ大神殿に
いるのは誰だ？",
06185.sfm,0x2BED,9,, フィリア,
06185.sfm,0x2BF7,7,, スタン,
06185.sfm,0x2BFF,11,, ウッドロウ,
06185.sfm,0x2C0B,7,, リリス,
06185.sfm,0x2C13,9,, グレバム,
06185.sfm,0x2C1D,9,, アイルツ,
06185.sfm,0x2C27,20,,おまえの母親だろ････,
06185.sfm,0x2C3C,20,,おまえの父親だろ････,
06185.sfm,0x2C51,28,,ハイデルベルグの王様だろ････,
06185.sfm,0x2C6E,38,,スタンさんのソーディアンじゃねぇか････,
06185.sfm,0x2CAE,28,,神の眼を盗んだ大罪人だろ････,
06185.sfm,0x2CCB,28,,あー、そんなヤツもいたな････,
06185.sfm,0x2CE8,43,,"四英雄の一人で
ハイデルベルグの王様は誰だ？",
06185.sfm,0x2D14,9,, グリッド,
06185.sfm,0x2D1E,9,, ダーゼン,
06185.sfm,0x2D28,34,,ストレイライズ大神殿にいるだろ････,
06185.sfm,0x2D4B,16,,漆黒の翼かいっ！,
06185.sfm,0x2D5C,92,,"オープニングで<Kyle>と冒険に出た子供達の中で
オウルベアに襲われたとき、転んだ子供は誰だった？",
06185.sfm,0x2DB9,6,,ユニー,
06185.sfm,0x2DC0,8,,シナモン,
06185.sfm,0x2DC9,6,,バジル,
06185.sfm,0x2DD6,12,,違っただろ？,
06185.sfm,0x2DE3,24,,お前････わざと言ってるな,
06185.sfm,0x2DFC,28,,時間切れだ、おいおいウソだろ,
06185.sfm,0x2E19,7,, マリー,
06185.sfm,0x2E21,11,, チェルシー,
06185.sfm,0x2E2D,9,, マリアン,
06185.sfm,0x2E37,9,, イレーヌ,
06185.sfm,0x2E41,32,,自分の母親の名前を間違うなよ････,
06185.sfm,0x2E62,12,,犯罪だな････,
06185.sfm,0x2E94,24,,誰だよ、マリアンって････,
06185.sfm,0x2EAD,20,,んなわけあるかっ！！,
06185.sfm,0x2EC2,53,,"ハイデルベルクの旧市街と新市街の
間にある門の名称は？",
06185.sfm,0x2EF8,6,,英雄門,
06185.sfm,0x2EFF,6,,世界門,
06185.sfm,0x2F06,6,,国王門,
06185.sfm,0x2F0D,6,,天地門,
06185.sfm,0x2F14,12,,ウッドロウ門,
06185.sfm,0x2F21,4,,違う,
06185.sfm,0x2F26,53,,"未来のアイグレッテ
出産式で生まれてきた子供の名前は？",
06185.sfm,0x2F5C,10,,Ｊ－２３７,
06185.sfm,0x2F67,10,,Ｅ－１０２,
06185.sfm,0x2F72,10,,Ｇ－１１３,
06185.sfm,0x2F7D,10,,Ｊ－２７３,
06185.sfm,0x2F88,18,,よく覚えてたなぁ！,
06185.sfm,0x2FAC,14,,奥さんの名前だ,
06185.sfm,0x2FBB,18,,う～ん、おしい！！,
06185.sfm,0x2FCE,35,,"まぁ、覚えてなくても
しょうがないな",
06185.sfm,0x2FF2,92,,"オベロン社廃坑のイレーヌさんの
石碑で、ベルグラント鉱石は「～
の石」と書かれていたでしょう？",
06185.sfm,0x304F,8,,奇跡の石,
06185.sfm,0x3058,8,,魔法の石,
06185.sfm,0x3061,6,,力の石,
06185.sfm,0x3068,10,,オベロン石,
06185.sfm,0x3073,8,,復活の石,
06185.sfm,0x307C,55,,"アイグレッテとスノーフリア間を
航海する定期船の名前は？",
06185.sfm,0x30B4,16,,アルジャーノン号,
06185.sfm,0x30C5,16,,ノイシュタット号,
06185.sfm,0x30D6,14,,エンチャント号,
06185.sfm,0x30E5,8,,しおかぜ,
06185.sfm,0x30EE,49,,"リーネの村でリリスのお風呂を
のぞいているのは誰？",
06185.sfm,0x3120,10,,のぞき英雄,
06185.sfm,0x312B,10,,のぞき大王,
06185.sfm,0x3136,10,,のぞき殿下,
06185.sfm,0x3141,10,,のぞき博士,
06185.sfm,0x314C,45,,"以下のうち
「漆黒の翼」メンバーでないのは誰？",
06185.sfm,0x317A,6,,リッド,
06185.sfm,0x3181,8,,グリッド,
06185.sfm,0x318A,6,,ジョン,
06185.sfm,0x3191,43,,"千年前、天地戦争で
勝利したのはどいつらだ？",
06185.sfm,0x31BD,7,, 地上軍,
06185.sfm,0x31C5,7,, 天上軍,
06185.sfm,0x31CD,9,, 漆黒の翼,
06185.sfm,0x31D7,13,, アタモニ神団,
06185.sfm,0x31E5,43,,"おぉ、よく勉強してるな
いや、当たって当然か",
06185.sfm,0x3211,6,,逆だよ,
06185.sfm,0x3218,6,,違うよ,
06185.sfm,0x321F,82,,"天地戦争で地上軍が使用し
これにより勝敗を決したとされる
局地戦用決戦兵器の名前は？",
06185.sfm,0x3272,13,, ソーディアン,
06185.sfm,0x3280,13,, ゾーディアン,
06185.sfm,0x328E,7,, 魔封剣,
06185.sfm,0x3296,7,, 光の剣,
06185.sfm,0x329E,12,,ロングソード,
06185.sfm,0x32AB,10,,ま、当然か,
06185.sfm,0x32B6,14,,ひっかかったな,
06185.sfm,0x32C5,24,,そんな武器、あったっけ？,
06185.sfm,0x32DE,39,,"こんな武器じゃ
決定打にはならないだろっ",
06185.sfm,0x3306,76,,"空中都市へ移り住んだ人々「天上人」
に対して、地上に住む人々を
何と呼んだか？",
06185.sfm,0x3353,6,,地上人,
06185.sfm,0x335A,6,,天上人,
06185.sfm,0x3361,6,,地底人,
06185.sfm,0x3368,6,,地の民,
06185.sfm,0x336F,16,,ま、そのまんまか,
06185.sfm,0x3380,22,,問題ちゃんと読んだか？,
06185.sfm,0x3397,45,,"スタンさんの出身地、リーネの村の
ある大陸は？",
06185.sfm,0x33C5,15,, フィッツガルド,
06185.sfm,0x33D5,13,, セインガルド,
06185.sfm,0x33E3,13,, ファンダリア,
06185.sfm,0x33F1,13,, カルバレイス,
06185.sfm,0x33FF,15,, アクアヴェイル,
06185.sfm,0x340F,40,,"<Reala>とエルレイン
同じ「何」をしていた？",
06185.sfm,0x3438,11,, ペンダント,
06185.sfm,0x3444,13,, ベルクラント,
06185.sfm,0x3452,11,, ペンライト,
06185.sfm,0x345E,11,, ヘルメット,
06185.sfm,0x346A,13,, ヘッドバット,
06185.sfm,0x3478,11,, ぺリドット,
06185.sfm,0x3484,11,, ベルベッド,
06185.sfm,0x3490,6,,正解だ,
06185.sfm,0x3497,63,,"デュナミス孤児院にしまわれていた
俺の数学のテストは何点だった？",
06185.sfm,0x34D7,6,,３５点,
06185.sfm,0x34DE,6,,２８点,
06185.sfm,0x34E5,8,,１００点,
06185.sfm,0x34EE,8,,７６５点,
06185.sfm,0x34F7,6,,７２点,
06185.sfm,0x34FE,4,,０点,
06185.sfm,0x3503,24,,････まぁ、何も言うなって,
06185.sfm,0x351C,35,,それは<Kyle>の歴史のテストの点数だな,
06185.sfm,0x3540,92,,"それぐらい点数とれればなぁ････
ルーティさんにも、もうちょっと
安心してもらえたかも知れないな",
06185.sfm,0x359D,16,,何点満点だよ！？,
06185.sfm,0x35AE,18,,微妙な点数だな････,
06185.sfm,0x35C1,51,,"オイオイ、いくらなんでも
そりゃヒドイんじゃないか？",
06185.sfm,0x3629,49,,"アイグレッテの甘味処の
店名って何だか知ってるか？",
06185.sfm,0x365B,8,,あまあま,
06185.sfm,0x3664,8,,んまんま,
06185.sfm,0x366D,8,,うまうま,
06185.sfm,0x3676,8,,なまなま,
06185.sfm,0x367F,8,,しましま,
06185.sfm,0x3688,8,,ちまちま,
06185.sfm,0x3691,35,,"いかにも甘そうな物
売ってそうだよな",
06185.sfm,0x36B5,12,,そうきたか！,
06185.sfm,0x36C2,27,,"確かに
美味いんだろうけどよ",
06185.sfm,0x36DE,16,,新鮮さがウリか？,
06185.sfm,0x36EF,24,,つながりが見えないな････,
06185.sfm,0x3708,26,,ちまちましてんじゃねぇぞ！,
06185.sfm,0x3723,26,,まぁそう難しく考えるなって,
06185.sfm,0x373E,45,,"俺が最初に手に入れた称号って
なんだったっけ？",
06185.sfm,0x376C,8,,いい兄貴,
06185.sfm,0x3775,14,,最高のお兄たま,
06185.sfm,0x3784,14,,マッチョあにぃ,
06185.sfm,0x3793,8,,極上兄上,
06185.sfm,0x379C,29,,"正解！だ！
よくおぼえてたな！",
06185.sfm,0x37BA,22,,確かに最高だろうけどよ,
06185.sfm,0x37D1,12,,本気か････？,
06185.sfm,0x37DE,26,,兄上ってガラじゃぁないだろ,
06185.sfm,0x37F9,34,,あっちゃ～、俺ってお前の何なんだ？,
06185.sfm,0x381C,41,,"俺達の乗った定期船の名前って
何号だった？",
06185.sfm,0x3846,16,,アリジャーノン号,
06185.sfm,0x3857,16,,アレジャーノン号,
06185.sfm,0x3868,16,,アラジャーノン号,
06185.sfm,0x3879,35,,"そうなんだよな
いろいろあったよなぁ",
06185.sfm,0x389D,10,,あり････？,
06185.sfm,0x38A8,10,,アレ････？,
06185.sfm,0x38B3,8,,アララ？,
06185.sfm,0x38BC,34,,こーゆー時は、とりあえず選んどけ！,
06185.sfm,0x38DF,59,,"バルバトスのフルネームおぼえてるか？
バルバトス＝何だっけ？",
06185.sfm,0x391B,10,,ゲーティア,
06185.sfm,0x3926,10,,デュナミス,
06185.sfm,0x3931,10,,カトレット,
06185.sfm,0x393C,10,,ハーシェル,
06185.sfm,0x3947,10,,ツァイベル,
06185.sfm,0x3952,8,,エルロン,
06185.sfm,0x395B,78,,"そうそう、そんな名前だったぜ
覚えておいてやるだけでも
ありがたく思えってんだ！",
06185.sfm,0x39AA,31,,"なぁ････
それって俺達だよな････",
06185.sfm,0x39CA,24,,それ、ルーティさんだろ？,
06185.sfm,0x39E3,20,,髪の毛が赤い感じだな,
06185.sfm,0x39F8,22,,勉強ばっかしてんなよ！,
06185.sfm,0x3A0F,36,,スタンさんと間違えちゃマズイだろ････,
06185.sfm,0x3A34,47,,"あんなヤツのこと
おぼえてなくても仕方ないよな！",
06185.sfm,0x3A64,64,,"ルーティさんの得意料理って
「ビーストミートの････」
何だっけか？",
06185.sfm,0x3AA5,6,,ポワレ,
06185.sfm,0x3AAC,8,,シチュー,
06185.sfm,0x3AB5,10,,ハンバーグ,
06185.sfm,0x3AC0,8,,ボルシチ,
06185.sfm,0x3AC9,6,,ソテー,
06185.sfm,0x3AD0,12,,パイ包み焼き,
06185.sfm,0x3ADD,22,,正解！だ、まぁ、当然か,
06185.sfm,0x3AF4,8,,違うだろ,
06185.sfm,0x3AFD,18,,おいおい、マジか？,
06185.sfm,0x3B10,33,,"幻の鉱石といえば
次のうちどれだ？",
06185.sfm,0x3B32,12,,ベルセリウム,
06185.sfm,0x3B3F,12,,ハイデリウム,
06185.sfm,0x3B4C,12,,ジルクリウム,
06185.sfm,0x3B59,12,,シウクリウム,
06185.sfm,0x3B66,39,,"正解！だ
そう簡単には見つからないかもな",
06185.sfm,0x3B8E,20,,なーんか違くねぇか？,
06185.sfm,0x3BA3,8,,違うよな,
06185.sfm,0x3BAC,35,,"甘そうな気がするのは
俺だけか････？",
06185.sfm,0x3BD0,26,,残念だがタイムリミットだぜ,
06185.sfm,0x3BEB,65,,"<Kyle>って
母親であるルーティさんのことを
何て呼ぶんだったっけか？",
06185.sfm,0x3C2D,6,,母さん,
06185.sfm,0x3C34,12,,ルーティさん,
06185.sfm,0x3C41,8,,母ちゃん,
06185.sfm,0x3C4A,8,,おふくろ,
06185.sfm,0x3C53,8,,ルーティ,
06185.sfm,0x3C5C,4,,母上,
06185.sfm,0x3C61,44,,"そうだよな！
自分のことだもんな
わかるよな！",
06185.sfm,0x3C8E,22,,俺はそう呼ぶけどな････,
06185.sfm,0x3CA5,29,,"惜しい！
でも自分のことだろ？",
06185.sfm,0x3CC3,24,,そんな呼び方してたっけか,
06185.sfm,0x3CDC,22,,オイオイ、呼び捨てかよ,
06185.sfm,0x3CF3,26,,妙にかしこまってるなぁ････,
06185.sfm,0x3D0E,24,,じ、自分のことだろ････？,
06185.sfm,0x3D27,51,,"ハイデルベルグ城にある鐘は
何の象徴として作られた？",
06185.sfm,0x3D5B,4,,平和,
06185.sfm,0x3D60,4,,自由,
06185.sfm,0x3D65,4,,勝利,
06185.sfm,0x3D6A,4,,勇気,
06185.sfm,0x3D6F,4,,努力,
06185.sfm,0x3D74,4,,権力,
06185.sfm,0x3D79,78,,"正解！だぜ！
平和でありつづけて欲しいという願いが
じゅうぶんに込められてるよな",
06185.sfm,0x3DC8,12,,残念だったな,
06185.sfm,0x3DD5,39,,"勝ちにいく生き方は
俺も嫌いじゃないぜ！",
06185.sfm,0x3DFD,44,,"勇気を持つことも
大切なことだけどな
違うんだ",
06185.sfm,0x3E2A,50,,"努力をおしまないことも
大事かもな
でも違うんだな～",
06185.sfm,0x3E5D,30,,あんまり聞こえがよくねぇな････,
06185.sfm,0x3E7C,25,,"おっと
わかんなかったか？",
06185.sfm,0x3E96,39,,"コングマンの自伝のタイトル
知ってるか？",
06185.sfm,0x3EBE,6,,俺と拳,
06185.sfm,0x3EC5,6,,俺と魂,
06185.sfm,0x3ECC,6,,俺と頭,
06185.sfm,0x3ED3,10,,俺と闘技場,
06185.sfm,0x3EDE,6,,俺と技,
06185.sfm,0x3EE5,6,,俺と力,
06185.sfm,0x3EEC,35,,"チャンピオンらしい
タイトルだよな！",
06185.sfm,0x3F10,8,,ダーッ！,
06185.sfm,0x3F19,16,,頭ばっか見るなよ,
06185.sfm,0x3F2A,31,,"闘技場じゃぁ
ストレートすぎだな",
06185.sfm,0x3F4A,49,,"技を巧みに使うというよりは
力で倒す感じがするぜ？",
06185.sfm,0x3F7C,24,,力はすごいんだろうけどな,
06185.sfm,0x3F95,18,,マイナーだったか？,
06185.sfm,0x3FA8,85,,"ダリルシェイド地下水道に
工具箱があったよな
その中に入ってない道具は
次のうちどれだ？",
06185.sfm,0x3FFE,12,,ちゅうわざい,
06185.sfm,0x400B,6,,ペンチ,
06185.sfm,0x4012,6,,水道管,
06185.sfm,0x4019,4,,クギ,
06185.sfm,0x401E,6,,バルブ,
06185.sfm,0x4025,16,,アヒルのおもちゃ,
06185.sfm,0x4036,31,,"その通りだ！
入ってなかったよな",
06185.sfm,0x4056,26,,いかにも工具って感じだろ？,
06185.sfm,0x4071,18,,実は入ってたんだぜ,
06185.sfm,0x4084,26,,結構入ってそうじゃないか？,
06185.sfm,0x409F,45,,"何気に入ってたんだよな
････なんでだろうなぁ？",
06185.sfm,0x40CD,16,,思い出せないか？,
06185.sfm,0x40DE,43,,"リリスさんがくれた物は
次のうちどれだった？",
06185.sfm,0x4128,14,,ワールドマップ,
06185.sfm,0x4137,16,,ソーサラーリング,
06185.sfm,0x4148,14,,フリーズリング,
06185.sfm,0x4157,49,,"コレクター必須のアイテムだよな！
いい物くれるぜ！",
06185.sfm,0x4189,41,,"ルーティさんにもらったんじゃ
なかったか？",
06185.sfm,0x41B3,26,,"<Judas>にもらった
気がするな",
06185.sfm,0x41CE,14,,欲しいか････？,
06185.sfm,0x41DD,10,,何だソレ？,
06185.sfm,0x41E8,28,,リリスさんに申し訳ないぜ････,
06185.sfm,0x4205,60,,"クレスタの町の近くの森に
冒険に行った時
いなかった子は誰だ？",
06185.sfm,0x4242,6,,リィム,
06185.sfm,0x4249,58,,"そうそう
リィムはいつも洗濯の手伝いを
してくれてる子だよな",
06185.sfm,0x4284,18,,一緒に行っただろ？,
06185.sfm,0x4297,22,,もう忘れちまったのか？,
06185.sfm,0x42AE,80,,"スカートめくりを極めた者三人
「めくりのジョー」
「つむじ風の<Loni>」
あと一人は？",
06185.sfm,0x42FF,14,,雷光のネルソン,
06185.sfm,0x430E,13,,むっつり<Judas>,
06185.sfm,0x431C,10,,マッハ船長,
06185.sfm,0x4327,16,,ぷりぷりマドンナ,
06185.sfm,0x4338,46,,"正解！！
今となってはなつかしい
思い出だぜ････",
06185.sfm,0x4367,36,,"くっくっくっ････
むっつり<Judas>だと！",
06185.sfm,0x438C,29,,"確かに逃げ足は
速そうだけどな",
06185.sfm,0x43AA,19,,"何者だ？
そいつは？",
06185.sfm,0x43BE,11,,････<Kyle>？,
06185.sfm,0x43CA,37,,"極めた者にしか
わからない問題だったか",
06185.sfm,0x43F0,46,,"デュナミス孤児院で
<Kyle>がすべり台をして一言！",
06185.sfm,0x441F,10,,よっしゃ！,
06185.sfm,0x442A,8,,みたか！,
06185.sfm,0x4433,8,,どうよ！,
06185.sfm,0x443C,14,,イケるイケる！,
06185.sfm,0x444B,8,,正解！！,
06185.sfm,0x4454,12,,みてねえよ！,
06185.sfm,0x4461,8,,惜しいな,
06185.sfm,0x446A,35,,"どこかで
聞いたことがあるような････",
06185.sfm,0x448E,22,,すべったことないのか？,
06185.sfm,0x44A5,33,,"寝ぼすけを起こす
必殺技といえば？",
06185.sfm,0x44C7,16,,秘技死者の目覚め,
06185.sfm,0x44D8,16,,ブラッディローズ,
06185.sfm,0x44E9,14,,ねむれララバイ,
06185.sfm,0x44F8,8,,ピコハン,
06185.sfm,0x4501,12,,レイズデッド,
06185.sfm,0x450E,16,,これで一発だな！,
06185.sfm,0x451F,16,,死んじまうぞ････,
06185.sfm,0x4530,20,,ねむってどうする！！,
06185.sfm,0x4545,31,,"これくらいじゃ
起きなさそうだな",
06185.sfm,0x4565,14,,死んでねーよ！,
06185.sfm,0x4574,33,,"スタンさんも
これで起きたらしいぞ",
06185.sfm,0x4596,53,,"ラグナ遺跡で穴に
落ちた俺と<Kyle>
何を使って脱出した？",
06185.sfm,0x45CC,6,,ロープ,
06185.sfm,0x45D3,8,,スコップ,
06185.sfm,0x45DC,6,,カンナ,
06185.sfm,0x45E3,8,,のこぎり,
06185.sfm,0x45EC,37,,"枝にロープを引っかけて
上にあがったな",
06185.sfm,0x4612,54,,"オイオイ
穴を掘って世界の裏側から
でてくるつもりか？！",
06185.sfm,0x4649,20,,何をつくる気だよ！？,
06185.sfm,0x465E,40,,"おい、<Kyle>！
俺たちの思い出はどーなる！",
06185.sfm,0x4687,36,,"俺達が初めて
<Judas>と出会った場所は？",
06185.sfm,0x46AC,14,,ダリルシェイド,
06185.sfm,0x46BB,14,,ハイデルベルグ,
06185.sfm,0x46CA,20,,ストレイライズ大神殿,
06185.sfm,0x46DF,8,,クレスタ,
06185.sfm,0x46E8,18,,地下牢の中だったな,
06185.sfm,0x46FB,33,,"ハイデルベルグは
ウッドロウ王だな",
06185.sfm,0x471D,16,,フィリアさんだな,
06185.sfm,0x472E,19,,<Judas>なんていたか？,
06185.sfm,0x4742,18,,思い出せないか？！,
06185.sfm,0x4755,46,,"俺と<Kyle>は
ラグナ遺跡へ何を探しに行ったんだ？",
06185.sfm,0x4784,10,,巨大レンズ,
06185.sfm,0x4797,12,,ソーディアン,
06185.sfm,0x47A4,4,,食材,
06185.sfm,0x47A9,109,,"三百万ガルドするって話だった
が結局は割れちまったんだよな
でも、お前にとっては運命的な
出会いが待っていたんだ",
06185.sfm,0x4817,50,,"探しにいったときは<Reala>
の存在は知らなかったよな？",
06185.sfm,0x484A,28,,お使いに行ったわけじゃねーよ,
06185.sfm,0x4867,26,,"<Kyle>が
目指しているのは？",
06185.sfm,0x4882,4,,英雄,
06185.sfm,0x4887,4,,勇者,
06185.sfm,0x488C,6,,聖騎士,
06185.sfm,0x4893,12,,バーサーカー,
06185.sfm,0x48A0,45,,"英雄になるには
今の百倍はガンバらなくちゃな！",
06185.sfm,0x48CE,41,,"おいおい、お前の目指
しているもんだろーが",
06185.sfm,0x48F8,20,,そんなもん目指すなよ,
06185.sfm,0x490D,51,,"ラグナ遺跡の巨大レンズの中から
現れたのは誰だっけ？",
06185.sfm,0x4951,10,,エルレイン,
06185.sfm,0x495C,53,,"あの時はびっくりしたよな
まさか、女の子が現れるなんて",
06185.sfm,0x4992,12,,俺じゃねーよ,
06185.sfm,0x499F,42,,"<Judas>と会ったのは
そのあとじゃなかったか？",
06185.sfm,0x49CA,41,,"確かに出てきそうな
雰囲気はもってるけどよ",
06185.sfm,0x49F4,33,,"俺が勤めているのは
何という神団？",
06185.sfm,0x4A16,12,,アタモニ神団,
06185.sfm,0x4A23,12,,アタモー神団,
06185.sfm,0x4A30,12,,アクモニ神団,
06185.sfm,0x4A3D,12,,マタモニ神団,
06185.sfm,0x4A4A,12,,アタテニ神団,
06185.sfm,0x4A64,12,,アタモ三神団,
06185.sfm,0x4A71,12,,アタ干ニ神団,
06185.sfm,0x4A7E,47,,"そう、俺はアタモニ神団の
護衛兵をやっていたんだ",
06185.sfm,0x4AAE,36,,"<Judas>が
常に身に付けているものは何？",
06185.sfm,0x4AD3,4,,仮面,
06185.sfm,0x4AD8,4,,眼鏡,
06185.sfm,0x4ADD,6,,ピアス,
06185.sfm,0x4AE4,8,,バンダナ,
06185.sfm,0x4AED,31,,"あいつの仮面は
何かの骨なのか？",
06185.sfm,0x4B0D,20,,なかまのことだろっ？,
06185.sfm,0x4B22,48,,"ラグナ遺跡の奥で
上から落ちてきた
機械の名前は？",
06185.sfm,0x4B53,6,,ブエル,
06185.sfm,0x4B5A,14,,キラーマシーン,
06185.sfm,0x4B69,12,,デスマシーン,
06185.sfm,0x4B76,6,,シグマ,
06185.sfm,0x4B7D,6,,オメガ,
06185.sfm,0x4B84,54,,"あんなのが天井に
ぶら下がっていた
なんてぞっとするよな",
06185.sfm,0x4BBB,18,,わすれちまったか？,
06185.sfm,0x4C0D,10,,ヴァサーゴ,
06185.sfm,0x4C18,10,,ヴェパール,
06185.sfm,0x4C23,16,,エルダードラゴン,
06185.sfm,0x4C34,16,,ストーアウォーム,
06185.sfm,0x4C45,54,,"こいつとの戦いで、
スピリッツの特性を
意識したんだよな",
06185.sfm,0x4C7C,51,,"ストレイライズ神殿で
フィリアさんを襲ったのは誰だ？",
06185.sfm,0x4CB0,10,,バルバトス,
06185.sfm,0x4CBB,6,,オーガ,
06185.sfm,0x4CC2,10,,バシュカー,
06185.sfm,0x4CCD,10,,スペクター,
06185.sfm,0x4CD8,49,,"ったく、美女を襲うなんて
男の風上にも置けないよな",
06185.sfm,0x4D0A,50,,"あのときも<Judas>
に助けられたんだぞ覚えてないのか？",
06185.sfm,0x4D3D,55,,"ヒートリバー源流で岩をどかした後
出てきたモンスターは？",
06185.sfm,0x4D75,10,,サブノック,
06185.sfm,0x4D80,12,,フォルネウス,
06185.sfm,0x4D8D,33,,"そうそう！
なんとか倒したけどな！",
06185.sfm,0x4DAF,43,,"ダリルシェイド地下水道で
戦った気がするぜ？",
06185.sfm,0x4DDB,41,,"ハイデルベルグ城が襲われた時に
戦ったよな",
06185.sfm,0x4E05,16,,定期船だったぜ？,
06185.sfm,0x4E16,47,,"ハイデルベルグ城で戦った
「信念の騎士」は誰だ？",
06185.sfm,0x4E46,8,,サマナー,
06185.sfm,0x4E4F,16,,ディープランサー,
06185.sfm,0x4E60,14,,センチュリオン,
06185.sfm,0x4E6F,48,,"サブノックとオセ
こいつらホントに
いいコンビだよ",
06185.sfm,0x4EA0,35,,"サブノックとオセ
わすれちまったか？",
06185.sfm,0x4EC4,20,,サブノックの相棒は？,
06185.sfm,0x4ED9,4,,オセ,
06185.sfm,0x4EDE,12,,ギガントード,
06185.sfm,0x4EEB,10,,ドーマウス,
06185.sfm,0x4EF6,14,,ネクロノミコン,
06185.sfm,0x4F05,39,,"こいつから倒さないと
すごい苦労するよな",
06185.sfm,0x4F2D,39,,"ヒートリバーで水を
せき止めていたのは？",
06185.sfm,0x4F55,10,,クラーケン,
06185.sfm,0x4F60,8,,イセエビ,
06185.sfm,0x4F9E,42,,"俺と<Kyle>が
捕まった場所はどこの街の地下？",
06185.sfm,0x4FC9,12,,アイグレッテ,
06185.sfm,0x4FD6,6,,リーネ,
06185.sfm,0x4FDD,14,,ノイシュタット,
06185.sfm,0x4FEC,12,,スノーフリア,
06185.sfm,0x4FF9,42,,"そういや<Judas>は
何であそこにいたんだろうな",
06185.sfm,0x5024,12,,時間切れだな,
06185.sfm,0x5031,52,,"四英雄の一人
フィリアさんがつけて
いたのは何だった？",
06185.sfm,0x5066,6,,リボン,
06185.sfm,0x506D,10,,ペンダント,
06185.sfm,0x5078,62,,"眼鏡の似合う知的美人
清楚なお姉さん･･････
････････････いいなぁ",
06185.sfm,0x50B7,57,,"ダリルシェイドの隠し通路を抜
けるために使ったアイテムは？",
06185.sfm,0x50F1,14,,スペクタクルズ,
06185.sfm,0x5100,8,,ツルハシ,
06185.sfm,0x5109,49,,"ホント
<Judas>がいなかったら
今ごろどうなっていたか",
06185.sfm,0x513B,54,,"俺たちが
ダリルシェイドの地下で
出会ったのは誰だった？",
06185.sfm,0x517A,6,,リリス,
06185.sfm,0x5181,14,,それはないだろ,
06185.sfm,0x5190,48,,"ソーサラーリングを
もらっただろ？
仮面ヤローだよ",
06185.sfm,0x51C1,29,,<Kyle>の冒険のスタート地点は？,
06185.sfm,0x51DF,10,,ラグナ遺跡,
06185.sfm,0x51EA,16,,ちゃんとやろうぜ,
06185.sfm,0x51FB,48,,"ラグナ遺跡で俺と<Kyle>が
ひっかかったトラップは？",
06185.sfm,0x522C,8,,落とし穴,
06185.sfm,0x5235,6,,毒ガス,
06185.sfm,0x523C,16,,間違ったカンバン,
06185.sfm,0x524D,8,,すべる床,
06185.sfm,0x5256,24,,あんときゃマヌケだったな,
06185.sfm,0x526F,22,,すべったわけではないぞ,
06185.sfm,0x5286,78,,"ラグナ遺跡で、落とし穴に引っかかる
直前に宝箱に入っていたアイテムは
何だった？",
06185.sfm,0x52D5,12,,アップルグミ,
06185.sfm,0x52E2,12,,ライフボトル,
06185.sfm,0x52EF,12,,オレンジグミ,
06185.sfm,0x52FC,12,,エリクシール,
06185.sfm,0x5309,35,,"そんないい物が
入ってるわけないだろ",
06185.sfm,0x532D,39,,"<Kyle>と<Reala>が
初めて出会ったのはどこ？",
06185.sfm,0x5355,18,,ハーメンツヴァレー,
06185.sfm,0x5368,36,,"遺跡の最上階で
<Reala>と会ったんだよな",
06185.sfm,0x538D,37,,"エルレインは、皆に
何と敬われている？",
06185.sfm,0x53B3,10,,輝きの聖女,
06185.sfm,0x53BE,14,,きらめきの聖女,
06185.sfm,0x53CD,10,,瞬きの聖女,
06185.sfm,0x53D8,12,,セイジョサマ,
06185.sfm,0x53E5,32,,アイグレッテにある神殿の名前は？,
06185.sfm,0x5406,18,,アイグレッテ大神殿,
06185.sfm,0x5419,20,,スティングレイ大神殿,
06185.sfm,0x542E,18,,スターライト大神殿,
06185.sfm,0x5441,57,,"アタモニ神団の一員になるには
「何」を寄進する必要がある？",
06185.sfm,0x547B,6,,レンズ,
06185.sfm,0x5482,6,,ガルド,
06185.sfm,0x5489,12,,ルーンボトル,
06185.sfm,0x5496,45,,"アイグレッテ～ファンダリアは
どうやって行く？",
06185.sfm,0x54C4,8,,船を使う,
06185.sfm,0x54CD,10,,徒歩で行く,
06185.sfm,0x54D8,10,,飛んでいく,
06185.sfm,0x54E3,14,,さんりんしゃ！,
06185.sfm,0x54F2,18,,そんなもんはねーよ,
06185.sfm,0x5505,24,,闘技場のある街の名前は？,
06185.sfm,0x551E,6,,リ－ネ,
06185.sfm,0x5525,39,,"スタンさんが
「伝説のチャンプ」だったな",
06185.sfm,0x554D,37,,"白雲の尾根は、年中
何に覆われている？",
06185.sfm,0x5573,4,, 霧 ,
06185.sfm,0x5578,4,, 雪 ,
06185.sfm,0x557D,4,, 風 ,
06185.sfm,0x5582,4,, 草 ,
06185.sfm,0x5587,31,,"視界が悪くて
迷いやすい場所だな",
06185.sfm,0x55A7,16,,寒くはなかったぞ,
06185.sfm,0x55B8,37,,"さわやかなイメージは
なかったと思うぞ",
06185.sfm,0x55DE,37,,"どっちかというと
コケなら生えてたかな",
06185.sfm,0x5604,20,,俺が苦手なものは何？,
06185.sfm,0x5619,6,,おばけ,
06185.sfm,0x5620,6,,ミミズ,
06185.sfm,0x5627,4,,子供,
06185.sfm,0x562C,4,,トリ,
06185.sfm,0x5631,38,,"べ、べつに
怖いわけじゃ
な、ないぞ････",
06185.sfm,0x5658,36,,"たしか、<Reala>が
苦手なものだったかな",
06185.sfm,0x567D,41,,"子供は好きだぜ
本気でなぐってこなけりゃな",
06185.sfm,0x56A7,22,,これのどこが苦手なんだ,
06185.sfm,0x56BE,57,,"オベロン社廃坑で見つけたのは
レンズの力を増幅する「何」？",
06185.sfm,0x56F8,4,,鉱石,
06185.sfm,0x5707,4,,宝石,
06185.sfm,0x570C,59,,"ハイデルベルグの武器屋の店主で
ある腕利きの鍛冶屋の名前は？",
06185.sfm,0x5748,12,,ウィンターズ,
06185.sfm,0x5755,8,,サマーズ,
06185.sfm,0x575E,10,,オータムズ,
06185.sfm,0x5769,12,,スプリングズ,
06185.sfm,0x5776,37,,"ハイデルベルグ城に突っ込んだ
ものは？",
06185.sfm,0x579C,6,,飛行竜,
06185.sfm,0x57A3,6,,飛行獣,
06185.sfm,0x57AA,6,,飛行魚,
06185.sfm,0x57B1,6,,飛空挺,
06185.sfm,0x57B8,41,,"<Kyle>と<Nanaly>が
出会ったのは何の式の途中？",
06185.sfm,0x57E2,6,,出産式,
06185.sfm,0x57E9,6,,結婚式,
06185.sfm,0x57F0,6,,離婚式,
06185.sfm,0x57F7,6,,お葬式,
06185.sfm,0x57FE,8,,おしいな,
06185.sfm,0x5807,31,,"そんなところで
出会いたくないな",
06185.sfm,0x5827,44,,"俺と<Judas>が
<Nanaly>と出会ったのは
どこの大陸？",
06185.sfm,0x5854,12,,カルバレイス,
06185.sfm,0x5861,10,,カルビオラ,
06185.sfm,0x586C,12,,ファンダリア,
06185.sfm,0x5879,14,,フィッツガルド,
06185.sfm,0x5888,80,,"直前までファンダリアにいたから
当時俺ら厚着だったんだ
もう、ぶっ倒れそうだったぜ",
06185.sfm,0x58D9,30,,「カルビオラ大陸」なんてないぞ,
06185.sfm,0x58F8,37,,"その直前までは、
ファンダリアにいたな",
06185.sfm,0x591E,27,,<Nanaly>の住んでいるところは？,
06185.sfm,0x593A,12,,ホープタウン,
06185.sfm,0x5947,8,,チェリク,
06185.sfm,0x5950,74,,"先祖の天上人が天地戦争で
負けたため、あんな過酷な
土地に住んでいるんだよな",
06185.sfm,0x599B,66,,"チェリクからホープタウンに
行くために、通る必要のある
川の名前は？",
06185.sfm,0x59DE,12,,ヒートリバー,
06185.sfm,0x59EB,12,,ホットリバー,
06185.sfm,0x59F8,16,,バーニングリバー,
06185.sfm,0x5A09,12,,マグマリバー,
06185.sfm,0x5A16,13,,辛そうだな･･･,
06185.sfm,0x5A24,18,,燃えてそうだな････,
06185.sfm,0x5A37,16,,川じゃないな････,
06185.sfm,0x5A48,34,,"<Nanaly>が付けた
俺のニックネームは？",
06185.sfm,0x5A6B,11,,すけべ<Loni>,
06185.sfm,0x5A77,11,,エッチ<Loni>,
06185.sfm,0x5A83,11,,女好き<Loni>,
06185.sfm,0x5A8F,8,,ナンパ師,
06185.sfm,0x5A98,18,,････失礼な（正解）,
06185.sfm,0x5AAB,10,,････失礼な,
06185.sfm,0x5AB6,37,,"<Nanaly>が付けた
<Judas>のニックネームは？",
06185.sfm,0x5ADC,14,,仮面ストーカー,
06185.sfm,0x5AEB,12,,カーメンマン,
06185.sfm,0x5AF8,11,,クール<Judas>,
06185.sfm,0x5B04,36,,"そうそう
これに関しては
俺も同意見だ",
06185.sfm,0x5B29,30,,"<Nanaly>はそんなの
つけていないぞ",
06185.sfm,0x5B48,20,,拳法とか使いそうだな,
06185.sfm,0x5B5D,33,,"<Kyle>と<Reala>の
初デートの場所は？",
06185.sfm,0x5B7F,4,,公園,
06185.sfm,0x5B84,6,,闘技場,
06185.sfm,0x5B8B,8,,船の甲板,
06185.sfm,0x5B94,4,, 港 ,
06185.sfm,0x5B99,20,, ハーメンツヴァレー ,
06185.sfm,0x5BAE,71,,"････ブツブツ･･････
（クッソー･･････
　･･この俺さまを
　さしおいて････）",
06185.sfm,0x5BF6,16,,そこじゃねーよ！,
06185.sfm,0x5C07,10,,おしいな！,
06185.sfm,0x5C12,10,,どこだよ？,
06185.sfm,0x5C1D,18,,デートじゃねーだろ,
06185.sfm,0x5C30,25,,"時間切れだっ
へんっ･･････",
06185.sfm,0x5C4A,52,,"<Reala>が定期船を浮かせた時に
得た称号って、何だった？",
06185.sfm,0x5C7F,10,,奇跡の少女,
06185.sfm,0x5C8A,8,,寝ぼすけ,
06185.sfm,0x5C93,15,,つむじ風の<Reala>,
06185.sfm,0x5CA3,12,,不思議な少女,
06185.sfm,0x5CB0,10,,仮面の少女,
06185.sfm,0x5CBB,8,,聖女志願,
06185.sfm,0x5CC4,26,,まさにあれは奇跡だったよな,
06185.sfm,0x5CDF,23,,そりゃ<Kyle>のことだよな,
06185.sfm,0x5CF7,22,,つむじ風は俺だよ、俺！,
06185.sfm,0x5D0E,16,,う～ん、惜しいな,
06185.sfm,0x5D1F,53,,"何故、素顔を隠すのか････
じゃねぇ！
それじゃ<Judas>だ！",
06185.sfm,0x5D55,22,,志願というか････なぁ？,
06185.sfm,0x5D6C,32,,な～んとなくでも、わかんねぇか？,
06185.sfm,0x5D8D,56,,"ノイシュタットの闘技場の
受付の女の子の名前
覚えてるか？",
06185.sfm,0x5DC6,14,,エントリー娘。,
06185.sfm,0x5DD5,6,,受付嬢,
06185.sfm,0x5DDC,6,,受付係,
06185.sfm,0x5DE3,12,,エントリー娘,
06185.sfm,0x5DF0,14,,コロシアム娘。,
06185.sfm,0x5DFF,16,,エントリー記念日,
06185.sfm,0x5E10,52,,"正解！！
････何かどっかで聞いたこと
あるんだよなぁ？",
06185.sfm,0x5E45,35,,"まあ、普通に考えりゃ
そうなんだがな",
06185.sfm,0x5E69,33,,"惜しい！
イイ線いってるんだがなぁ",
06185.sfm,0x5E8B,39,,"それはもうすでに
人の名前じゃねぇな････",
06185.sfm,0x5EB3,68,,"残念、時間切れ
なーんかどっかで聞いたこと
あるんだよなぁ、この名前？",
06185.sfm,0x5EF8,62,,"スタンさんの妹
リリスさんの家の風呂を
のぞいてたのって、誰だ？",
06185.sfm,0x5F37,10,,のぞき勇者,
06185.sfm,0x5F42,8,,のぞき王,
06185.sfm,0x5F4B,8,,のぞき神,
06185.sfm,0x5F5F,10,,のぞキング,
06185.sfm,0x5F6A,10,,のぞき親父,
06185.sfm,0x5F75,18,,のぞきチャンピオン,
06185.sfm,0x5F88,62,,"正解！だ！
リリスさんのサンダーソードで
こらしめられてたよな！",
06185.sfm,0x5FC7,18,,ちょっと惜しいな！,
06185.sfm,0x5FDA,10,,王かよ！？,
06185.sfm,0x5FE5,39,,"神にまでのぼりつめちゃ
マズイよなぁ････",
06185.sfm,0x600D,14,,飢えてんのか？,
06185.sfm,0x601C,37,,"横文字まぜればいいってもん
じゃないぜ",
06185.sfm,0x6042,16,,ヤバそうだぜ････,
06185.sfm,0x6053,37,,"誰が決めるんだよ
チャンピオンだなんて",
06185.sfm,0x6079,35,,"知らなかったじゃ
すまされないぜ！？",
06185.sfm,0x609D,71,,"リアラを目撃した
ハーメンツヴァレーの商人は
<Reala>のことを何て言ってた？",
06185.sfm,0x60E5,20,,ピンクの服着た女の子,
06185.sfm,0x60FA,18,,聖女のような女の子,
06185.sfm,0x610D,16,,スカートの女の子,
06185.sfm,0x611E,14,,カワイイ女の子,
06185.sfm,0x612D,20,,好みのタイプの女の子,
06185.sfm,0x6142,14,,赤い靴の女の子,
06185.sfm,0x6151,26,,そうそう、そうだったよな！,
06185.sfm,0x616C,14,,みやぶったか！,
06185.sfm,0x617B,20,,はいてるな、スカート,
06185.sfm,0x6190,24,,ま、確かにカワイイけどよ,
06185.sfm,0x61A9,32,,そんなこと言われても困るよな････,
06185.sfm,0x61CA,41,,"ちょっと違うな
まぁそういうニュアンスだよ",
06185.sfm,0x61F4,54,,"<Reala>に関することなら
何でも答えられるようにしとけよ！",
06185.sfm,0x629B,4,,後悔,
06185.sfm,0x62A0,4,,謝罪,
06185.sfm,0x62A5,4,,勉強,
06185.sfm,0x62AF,4,,団結,
06185.sfm,0x62B4,4,,成功,
06185.sfm,0x62B9,4,,料理,
06185.sfm,0x62BE,4,,救助,
06185.sfm,0x62C3,39,,"さすがルーティさん！
いいこと言うよな～",
06185.sfm,0x62EB,16,,あやまっとけって,
06185.sfm,0x62FC,66,,"確かにあんまり好きじゃねぇが
しなくていいってことは
ない気がするぜ",
06185.sfm,0x634E,35,,"団結することは
大事なんじゃねぇかな",
06185.sfm,0x6372,33,,"成功するに
こしたことはないよな！",
06185.sfm,0x6394,30,,"<Kyle>
料理なんて教わったのか？",
06185.sfm,0x63B3,45,,"いいのか････？
そんなんじゃ英雄になれないぞ！",
06185.sfm,0x63E1,31,,"オイオイ
もう忘れちまったのかよ",
06185.sfm,0x6401,54,,"定期船に乗ってた
自称予言者のオッサン
何て名前だった？",
06185.sfm,0x6438,14,,サバディーチョ,
06185.sfm,0x6447,14,,サケディーチョ,
06185.sfm,0x6456,14,,アジディーチョ,
06185.sfm,0x6465,14,,マスディーチョ,
06185.sfm,0x6474,14,,アユディーチョ,
06185.sfm,0x6483,14,,タイディーチョ,
06185.sfm,0x6492,14,,フグディーチョ,
06185.sfm,0x64A1,14,,イカディーチョ,
06185.sfm,0x64B0,49,,"かならずあたるとか言ってたよな
うさんくせぇぜ････",
06185.sfm,0x64E2,14,,違うんだよな～,
06185.sfm,0x64F1,14,,慎重になれよ！,
06185.sfm,0x6500,10,,全然違うぜ,
06185.sfm,0x651A,8,,あちゃ～,
06185.sfm,0x6523,10,,違う違う！,
06185.sfm,0x652E,14,,そりゃないぜ！,
06185.sfm,0x653D,16,,迷っちまったか？,
06185.sfm,0x654E,65,,"レンズハンター団「漆黒の翼」
そのメンバーでないのは次のうち誰だ？",
06185.sfm,0x6590,26,,こんなヤツ、いなかったよな,
06185.sfm,0x65AB,16,,ちゃーんといたぜ,
06185.sfm,0x65BC,16,,いたんじゃないか,
06185.sfm,0x65CD,30,,ハラ空かせてたのをおぼえてるぜ,
06185.sfm,0x65EC,29,,"どうした？
わからなかったか？",
06185.sfm,0x660A,49,,"冒険出発の際
ルーティさんがくれたものでないのは？",
06185.sfm,0x663C,44,,"ソーサラーリングは
<Judas>からもらったんだよな",
06185.sfm,0x6669,20,,冒険には地図だよな！,
06185.sfm,0x669B,16,,覚えてないのか？,
06185.sfm,0x66AC,87,,"アイグレッテで
だまされてばかりの青年が
だますほうにまわろうとして
売ろうとしたものは？",
06185.sfm,0x6704,4,,ツボ,
06185.sfm,0x6709,8,,フジツボ,
06185.sfm,0x6712,8,,タコツボ,
06185.sfm,0x671B,6,,ウツボ,
06185.sfm,0x6722,76,,"自分で「あやしげなツボ」とか
言っていたな
あの仕事はむいてねえんじゃねえの？",
06185.sfm,0x676F,8,,惜しい！,
06185.sfm,0x6778,30,,買うとしあわせになれるらしいぞ,
06185.sfm,0x6797,41,,"ストレイライズ遺跡の
パズル部屋の答えは？",
06185.sfm,0x67C1,14,,ＤＥＳＴＩＮＹ,
06185.sfm,0x67D0,12,,ＤＩＭＬＯＳ,
06185.sfm,0x67DD,20,,ＤＥＶＩＬＳＲＥＥＦ,
06185.sfm,0x67F2,14,,ＤＵＮＧＥＯＮ,
06185.sfm,0x6801,16,,よく覚えてたな！,
06185.sfm,0x6812,14,,そうだったか？,
06185.sfm,0x6821,19,,<Nanaly>の弟の名前は？,
06185.sfm,0x6835,4,,ルー,
06185.sfm,0x683A,6,,ガッツ,
06185.sfm,0x6841,8,,ブレイブ,
06185.sfm,0x684A,12,,ジャスティス,
06185.sfm,0x6857,12,,フロンティア,
06185.sfm,0x6864,8,,トゥルー,
06185.sfm,0x686D,8,,ドリーム,
06185.sfm,0x6876,12,,そうだったな,
06185.sfm,0x6883,6,,違うな,
06185.sfm,0x688A,30,,定期船を襲った海の主の名前は？,
06185.sfm,0x68A9,12,,シースラッグ,
06185.sfm,0x68B6,16,,ウィルオウィスプ,
06185.sfm,0x68C7,33,,"正解！
二度も戦うハメになったよな",
06185.sfm,0x68E9,29,,"残念！
それは船内で戦った敵だ",
06185.sfm,0x6907,24,,ヒートリバーで戦った敵だ,
06185.sfm,0x6920,16,,忘れちまったか？,
06185.sfm,0x6931,30,,リファインはレンズと何を使う？,
06185.sfm,0x6950,16,,パナシーアボトル,
06185.sfm,0x6961,12,,ダークボトル,
06185.sfm,0x696E,18,,あやしげな薬品だ！,
06185.sfm,0x6981,26,,それは戦闘不能回復だろぉ？,
06185.sfm,0x699C,39,,"万能薬っていっても
そこまではできねぇぜ",
06185.sfm,0x69C4,41,,"おいおい
モンスターが寄ってきちまうぜ！？",
06185.sfm,0x69EE,14,,迷いすぎだな！,
06185.sfm,0x69FD,70,,"白雲の尾根
山小屋にある旅人の為の食料等は
誰が寄贈してるか知ってるか？",
06185.sfm,0x6A44,10,,コングマン,
06185.sfm,0x6A4F,8,,フィリア,
06185.sfm,0x6A58,28,,あぁ見えて優しい人なんだな！,
06185.sfm,0x6A75,43,,"フィリアさんなら
やってもおかしくないけどな",
06185.sfm,0x6AA1,41,,"幸福のためったって
そこまではしねぇよなぁ",
06185.sfm,0x6ACB,55,,"ルーティさんは孤児院の経営で
いっぱいいっぱいだと思うぜ",
06185.sfm,0x6B03,23,,"あれ？
見たことないか？",
06185.sfm,0x6B1B,66,,"「漆黒の翼」のグリッド
戦闘からの離脱の速さゆえに
ついたあざ名は？",
06185.sfm,0x6B5E,12,,音速の貴公子,
06185.sfm,0x6B6B,12,,秒速の貴公子,
06185.sfm,0x6B78,12,,光速の貴公子,
06185.sfm,0x6B85,14,,マッハの貴公子,
06185.sfm,0x6B94,30,,正解！････とはいいたくねぇがな,
06185.sfm,0x6BB3,22,,ほぼ、合ってんだけどな,
06185.sfm,0x6BCA,6,,速すぎ,
06185.sfm,0x6BD1,24,,ムリに横文字を使うなって,
06185.sfm,0x6BEA,24,,まぁ、覚えてても損だよな,
06185.sfm,0x6C03,96,,"ノイシュタットのバーで
バーテンが選んだ俺に合うカクテルは
「失恋傷心やけ酒トリプルバスター」と？",
06185.sfm,0x6C64,18,,リキュール哀羅武憂,
06185.sfm,0x6C8A,18,,リキュール哀雷苦憂,
06185.sfm,0x6C9D,16,,リキュール哀煮重,
06185.sfm,0x6CAE,24,,毒みたいな名前だよな････,
06185.sfm,0x6CC7,20,,はら下しそうだな････,
06185.sfm,0x6CDC,40,,"やっぱ、俺には似合わねぇよな？
<size:00000180>な？",
06185.sfm,0x6D05,72,,"ノイシュタットの商人に頼まれ
オベロン社廃坑でみつけた宝物は
なんだった？",
06185.sfm,0x6D4E,4,,金貨,
06185.sfm,0x6D53,4,,王冠,
06185.sfm,0x6D5D,50,,"そうそう！
あの商人のくやしがる顔
見物だったよな！",
06185.sfm,0x6D90,48,,"金貨だったら
あの商人も喜んだかも
しれねぇけどな",
06185.sfm,0x6DC1,29,,"そんなもん
でてこないだろ････",
06185.sfm,0x6DDF,22,,持って帰れるのか････？,
06185.sfm,0x6DF6,30,,おいおい、忘れちまったのかよ！,
06185.sfm,0x6E15,63,,"スノーフリアの寄り合い所にある
「今月の収支表」赤字なのは何か？",
06185.sfm,0x6E55,6,,シャケ,
06185.sfm,0x6E5C,6,,マグロ,
06185.sfm,0x6E63,4,,タイ,
06185.sfm,0x6E68,4,,サバ,
06185.sfm,0x6E6D,54,,"魚が豊富にとれそうな
あんなところでも
赤字になるんだな",
06185.sfm,0x6EA4,22,,さすがにおぼえてないか,
06185.sfm,0x6EBB,14,,難しかったか？,
06185.sfm,0x6ECA,14,,違うんだよなぁ,
06185.sfm,0x6ED9,26,,問題がマニアックすぎたか？,
06185.sfm,0x6EF4,55,,"ハイデルベルクの旧市街と
新市街を隔てる門の名前は何か？",
06185.sfm,0x6F2C,6,,復興門,
06185.sfm,0x6F3A,8,,正解！だ,
06185.sfm,0x6F43,41,,"ハイデルベルグ名物と
言えば木彫りの････？",
06185.sfm,0x6F6D,14,,カンバラーベア,
06185.sfm,0x6F7C,10,,オウルベア,
06185.sfm,0x6F87,12,,ウェアウルフ,
06185.sfm,0x6F94,12,,ビッグフット,
06185.sfm,0x6FA1,40,,"正解！！
それにしても人気あるのか？
コレ",
06185.sfm,0x6FCA,10,,惜しいな！,
06185.sfm,0x6FD5,10,,違うって！,
06185.sfm,0x7010,31,,"タイムリミットだぜ
残念だったな",
06185.sfm,0x7030,6,,**問題,
06185.sfm,0x7037,8,,**正解！,
06185.sfm,0x7040,12,,**正解！です,
06186.sfm,0x2684,15,,**間違い1,
06186.sfm,0x2694,15,,**間違い2,
06186.sfm,0x26A4,15,,**間違い3,
06186.sfm,0x26B4,15,,**間違い4,
06186.sfm,0x26C4,15,,**間違い5,
06186.sfm,0x26D4,15,,**間違い6,
06186.sfm,0x26E4,31,,**間違い7,
06186.sfm,0x2704,15,,**間違いです1,
06186.sfm,0x2714,15,,**間違いです2,
06186.sfm,0x2724,15,,**間違いです3,
06186.sfm,0x2734,15,,**間違いです4,
06186.sfm,0x2744,15,,**間違いです5,
06186.sfm,0x2754,15,,**間違いです6,
06186.sfm,0x2764,15,,**間違いです7,
06186.sfm,0x277A,18,,「せいかい」を選べ,
06186.sfm,0x278D,8,,せいかい,
06186.sfm,0x2796,10,,まちがい１,
06186.sfm,0x27A1,10,,まちがい２,
06186.sfm,0x27AC,10,,まちがい３,
06186.sfm,0x27B7,12,,せいかいです,
06186.sfm,0x27C4,14,,まちがい１です,
06186.sfm,0x27D3,14,,まちがい２です,
06186.sfm,0x27E2,14,,まちがい３です,
06186.sfm,0x27F1,8,,時間切れ,
06186.sfm,0x27FA,46,,"剣術と弓術の 
両方が使えたキャラクターは誰だ？",
06186.sfm,0x2829,10,,ウッドロウ,
06186.sfm,0x2834,6,,スタン,
06186.sfm,0x283B,8,,ルーティ,
06186.sfm,0x2844,6,,リオン,
06186.sfm,0x284B,6,,マリー,
06186.sfm,0x2852,10,,チェルシー,
06186.sfm,0x285D,99,,"さらに彼は
ソーディアンの使い手のひとり
だったから、晶術も発動できた
正に万能型の戦士というわけだな",
06186.sfm,0x28C1,4,,違う,
06186.sfm,0x28C6,10,,時間切れだ,
06186.sfm,0x28D1,123,,"あらゆる「くだもの」で作るデザート、
グルメ「女王甘々」
だが、このグルメの材料として
必要のない「くだもの」もある。それは？",
06186.sfm,0x294D,6,,レモン,
06186.sfm,0x2954,8,,ドリアン,
06186.sfm,0x295D,8,,プルーン,
06186.sfm,0x2966,8,,アセロラ,
06186.sfm,0x296F,6,,リンゴ,
06186.sfm,0x2976,6,,パイン,
06186.sfm,0x297D,6,,メロン,
06186.sfm,0x2984,105,,"他に、「かき」や「くり」も
女王甘々には必要ない「くだもの」だな
これらは単品でフードサックに
入れるといい",
06186.sfm,0x29EE,93,,"スタンが、ある本棚を調べると
「大人の本」を見つける
この本を読んでしまったら、
彼はどうなる？",
06186.sfm,0x2A4C,20,,フィリアにたたかれる,
06186.sfm,0x2A61,20,,ルーティにしばかれる,
06186.sfm,0x2A76,20,,リオンに電撃をくらう,
06186.sfm,0x2A8B,20,,ウッドロウに怒られる,
06186.sfm,0x2AA0,20,,チェルシーに嫌われる,
06186.sfm,0x2AB5,20,,マリーに見たがられる,
06186.sfm,0x2ACA,18,,ジョニーに取られる,
06186.sfm,0x2ADD,20,,コングマンに破られる,
06186.sfm,0x2AF2,41,,"「ざんげなさい！」と
おしおきされていたな",
06186.sfm,0x2B1C,65,,"<Kyle>には「大人の本」は
まだ早いな
見つけても、読んだりするなよ！",
06186.sfm,0x2B5E,82,,"マリーと、その夫、ダリス
この二人が愛の誓いの証として
そろって持っている物は何だ？",
06186.sfm,0x2BB1,2,,剣,
06186.sfm,0x2BB4,4,,指輪,
06186.sfm,0x2BB9,10,,エンブレム,
06186.sfm,0x2BC4,2,,盾,
06186.sfm,0x2BC7,10,,ペンダント,
06186.sfm,0x2BD7,12,,ブレスレット,
06186.sfm,0x2BE4,6,,ナイフ,
06186.sfm,0x2BEB,101,,"記憶を失っていたマリーは、
この剣を手がかりに
記憶を取り戻すことができた
それはつらい記憶だったが････",
06186.sfm,0x2C51,107,,"レンズを材料に、色々な商品を
開発し、販売するオベロン社
この中でオベロン社の店で買える
レンズ製品はどれだ？",
06186.sfm,0x2CBD,16,,エナジーブレット,
06186.sfm,0x2CCE,12,,エリクシール,
06186.sfm,0x2CDB,12,,アワーグラス,
06186.sfm,0x2CE8,16,,ソーサラーリング,
06186.sfm,0x2CF9,12,,ルーンボトル,
06186.sfm,0x2D06,66,,"レンズの力で電気を起こし、
敵にダメージを与える
攻撃用アイテムだな",
06186.sfm,0x2D49,30,,これは、レンズ製品ではないな。,
06186.sfm,0x2D68,93,,"これはレンズを消費して
光線を出す指輪だが
オベロン社製品ではないし、
店でも買えないアイテムだ",
06186.sfm,0x2DC6,28,,これは、レンズ製品ではないな,
06186.sfm,0x2DE3,81,,"ルーティがウォルトに頼まれて
古代神殿から取ってきた
「ふるびたつえ」
この正体は？",
06186.sfm,0x2E35,10,,ＢＣロッド,
06186.sfm,0x2E40,10,,ＲＣロッド,
06186.sfm,0x2E4B,10,,ＧＣロッド,
06186.sfm,0x2E56,10,,ＰＣロッド,
06186.sfm,0x2E61,91,,"ルーンボトルを使うと
これに変化する
ブルー・クリスタル・ロッド
の略で、ＢＣロッドというんだ",
06186.sfm,0x2EBD,93,,"ちなみに、
レッド・クリスタル・ロッド
の略で、ＲＣロッドというんだ
ある研究所で手に入るらしい",
06186.sfm,0x2F1B,91,,"ちなみに
グリーン･クリスタル･ロッド
の略でＧＣロッドというんだ
ある空中都市で手に入るらしい",
06186.sfm,0x2F77,35,,"ＰＣロッドなんてアイテムは
無いぞ？",
06186.sfm,0x2F9B,117,,"「たね」を育てて、アイテムを
手に入れる「たね育てゲーム」
とても良いアイテムを入手できる
一番上等な「たね」はどれだ？",
06186.sfm,0x3011,16,,チャラックのたね,
06186.sfm,0x3022,14,,ポムポムのたね,
06186.sfm,0x3031,14,,エステマのたね,
06186.sfm,0x3040,16,,ラナケアルのたね,
06186.sfm,0x3051,16,,ドルゲニアのたね,
06186.sfm,0x3062,14,,ペンペンのたね,
06186.sfm,0x3071,14,,オリオラのたね,
06186.sfm,0x3080,105,,"ディスク「ふうじんのちから」や
宝石「ダイヤモンド」など、
とても強力で役に立つ
珍しいアイテムが入手できる",
06186.sfm,0x30EA,115,,"これは、主に「アップルグミ」や
「オレンジグミ」など、残念ながら
そう役に立つとはいえない
アイテムが入手できるたねだ",
06186.sfm,0x315E,79,,"これは、
主に「イチゴ」や「チキン」などの
低いランクの食べ物が
入手できるたねだ",
06186.sfm,0x31AE,79,,"これは、
主に「リンゴ」や「ＥＧＧ」などの
低いランクの食べ物が
入手できるたねだ",
06186.sfm,0x31FE,93,,"このたねからは
「まぐろ」や「メロン」など
高値で売れる食べ物が手に入る
だが、とても枯れやすい",
06186.sfm,0x325C,93,,"このたねからは
「くるまえび」や「レモングミ」など
いろいろなランクの
食べ物やグミを入手できる",
06186.sfm,0x32BA,113,,"だが、このたねはなかなか優秀だ
食べ物や、珍しい防具に、
ステータスを上げるハーブ類など
役に立つものが色々手に入る",
06186.sfm,0x332C,99,,"ソーディアンにディスクを
装着すると、能力がアップする
晶術「ヒール」を習得できる
ディスクはどれだ？",
06186.sfm,0x3390,16,,せいじょのめぐみ,
06186.sfm,0x33A1,16,,わきあがるちから,
06186.sfm,0x33B2,16,,てんしのほほえみ,
06186.sfm,0x33C3,16,,じょうかのいのり,
06186.sfm,0x33D4,16,,ふりそそぐひかり,
06186.sfm,0x33E5,115,,"ＨＰ中回復の「ヒール」の他に、
状態異常を治す「リカバー」、
敵を気絶させる「ピコハン」と、
色々習得できるディスクだ",
06186.sfm,0x3459,89,,"ＨＰ小回復効果の
「ファーストエイド」を
習得できるディスクが、
この「わきあがるちから」だ",
06186.sfm,0x34B3,80,,"毒を消しさる「アンチドート」を
習得できるディスクが、
この「てんしのほほえみ」だ",
06186.sfm,0x3504,78,,"状態異常を治す「リカバー」を
習得できるディスクが、
この「じょうかのいのり」だ",
06186.sfm,0x3553,111,,"天から光の雨を降らせて、
敵に光属性のダメージを与える
「レイ」を習得できるディスクが
この「ふりそそぐひかり」だ",
06186.sfm,0x35C3,88,,"最初に巨大レンズ「神の眼」を
盗んだのは、ストレイライズ神殿の
大司祭だったが、その名は？",
06186.sfm,0x361C,8,,グレバム,
06186.sfm,0x3625,8,,アイルツ,
06186.sfm,0x362E,10,,バティスタ,
06186.sfm,0x3639,12,,ティベリウス,
06186.sfm,0x3646,99,,"グレバム・バーンハルト
ストレイライズ神殿に
安置されていた「神の眼」を盗み、
世界征服を企んだヤツだ",
06186.sfm,0x36AA,54,,"フィールドマップで
「さんりんしゃ」に乗ると
どうなる？",
06186.sfm,0x36E1,16,,敵に遭わなくなる,
06186.sfm,0x36F2,12,,敵によく遭う,
06186.sfm,0x36FF,20,,歩くたびにＨＰが回復,
06186.sfm,0x3714,20,,歩くたびにＴＰが回復,
06186.sfm,0x3729,33,,"だが、移動の速さが
とても遅くなる",
06186.sfm,0x374B,93,,"フードサックに
「リンゴ」や「ビーフ」などの
ＨＰ回復効果の食べ物を入れると
この効果が得られた",
06186.sfm,0x37A9,93,,"フードサックに
「レモン」や「チキン」などの
ＴＰ回復効果の食べ物を入れると
この効果が得られた",
06186.sfm,0x3807,75,,"スタンが拾ってきて
妹のリリスが
そだてていた「たまご」
生まれてきたのは何？",
06186.sfm,0x3853,8,,ドラゴン,
06186.sfm,0x385C,4,,子猫,
06186.sfm,0x3861,6,,ひよこ,
06186.sfm,0x386B,53,,"生まれてきたのは食いしん坊な
ドラゴンの赤ん坊だったな",
06186.sfm,0x38A1,60,,"猫は、母猫のおなかから
生まれるんだ
たまごからは生まれないな",
06186.sfm,0x38DE,79,,"リトラーからもらえるアイテム
「つのぶえ」
これがあると、
何を呼ぶことができる？",
06186.sfm,0x392E,4,,海竜,
06186.sfm,0x3933,6,,飛行竜,
06186.sfm,0x393A,12,,ラディスロウ,
06186.sfm,0x3947,14,,浮遊クルーザー,
06186.sfm,0x3956,14,,レベルの高い敵,
06186.sfm,0x3965,14,,レベルの低い敵,
06186.sfm,0x3974,12,,さんりんしゃ,
06186.sfm,0x3981,6,,定期船,
06186.sfm,0x3988,84,,"港で「つのぶえ」を吹くと
海竜ベルナルドがやってきて
海上を自由に移動することができた",
06186.sfm,0x39DD,39,,"「さんりんしゃ」が
来るわけないだろう！",
06186.sfm,0x3A05,108,,"定期船は、ダリルシェイド港、
チェリク港、スノーフリア港
ノイシュタット港で運ちんを支払うと乗ることができたな",
06186.sfm,0x3A72,99,,"特技と晶術の複合技「奥義」
スタンの「断空剣」と
ディムロスの「エクスプロード」
を複合させた奥義は？",
06186.sfm,0x3AE1,6,,紅蓮剣,
06186.sfm,0x3AE8,10,,魔王炎撃波,
06186.sfm,0x3AF3,95,,"スタンが特技「断空剣」で敵を
持ち上げ、落ちた所に
ディムロスの晶術
「エクスプロード」が炸裂する",
06186.sfm,0x3B53,113,,"これは、少し特殊な奥義だ
一定以上のレベルに達した状態で
とあるサブイベントをクリアすることが
この奥義の習得条件だ",
06186.sfm,0x3BC5,80,,"これは、スタンの「魔人剣」と
ディムロスの「ファイアウォール」を
複合させた奥義だ",
06186.sfm,0x3C16,69,,"「じゃんけんハリセンゲーム」で
スタンの相手になるキャラクターは誰だ？",
06186.sfm,0x3C5C,8,,フィリア,
06186.sfm,0x3C65,8,,ジョニー,
06186.sfm,0x3C6E,10,,コングマン,
06186.sfm,0x3C79,14,,よく分かったな,
06186.sfm,0x3C88,91,,"敵軍の支配下にある
ハイデルベルグにて、
スタンたちを助けたウッドロウの忠臣がいた
その名は？",
06186.sfm,0x3CE4,8,,ダーゼン,
06186.sfm,0x3CED,8,,イザーク,
06186.sfm,0x3CF6,6,,アルバ,
06186.sfm,0x3CFD,6,,ダリス,
06186.sfm,0x3D04,78,,"ダーゼン・ビーグラン
ファンダリア王家二代に仕える
ウッドロウの右腕だった人間だ",
06186.sfm,0x3D53,31,,"それは
ウッドロウの父親の名前だ",
06186.sfm,0x3D73,31,,"それは
ウッドロウの師匠の名前だ",
06186.sfm,0x3D93,46,,"それは
ハイデルベルグを占拠した
敵軍の将の名だ",
06186.sfm,0x3DC2,111,,"集積レンズ砲を完成させるために
必要なレンズがあるのは三ヶ所
ストレイライズの森、クレスタ、
あと一ヶ所はどこだ？",
06186.sfm,0x3E32,14,,ハーメンツの村,
06186.sfm,0x3E41,20,,ストレイライズ大神殿,
06186.sfm,0x3E56,18,,首都ダリルシェイド,
06186.sfm,0x3E69,16,,国境の街ジェノス,
06186.sfm,0x3E7A,58,,"この村に住んでいる
ウォルトというヤツに
ゆずってもらうんだ",
06186.sfm,0x3EB5,49,,"ソ－ディアン・イクティノスが
復活したのはどこだ？",
06186.sfm,0x3EE7,12,,ヘルレイオス,
06186.sfm,0x3EF4,12,,クラウディス,
06186.sfm,0x3F01,12,,ミックハイル,
06186.sfm,0x3F0E,10,,イグナシー,
06186.sfm,0x3F19,70,,"ヘルレイオスの設備を使って
イクティノスは修復され、
戦列に加わったんだ",
06186.sfm,0x3F60,62,,"天上都市「ヘルレイオス」で
妙にたくさん手に入った
アイテムは？",
06186.sfm,0x3F9F,16,,ジューシービーフ,
06186.sfm,0x3FB0,14,,スペクタクルズ,
06186.sfm,0x3FBF,10,,パイングミ,
06186.sfm,0x3FCA,16,,ウイングドブーツ,
06186.sfm,0x3FDB,16,,ゴージャスマント,
06186.sfm,0x3FEC,41,,"謎だな････？
何故このアイテムなのか････？",
06186.sfm,0x4016,115,,"「じゃんけんハリセンゲーム」が
行われるのは、平六の家のお茶の間
さて、この部屋の壁のかけじくには
何と書いてあった？",
06186.sfm,0x408A,14,,ほーおーてんく,
06186.sfm,0x4099,10,,うたごころ,
06186.sfm,0x40A4,10,,ちゃごころ,
06186.sfm,0x40AF,8,,えごころ,
06186.sfm,0x40B8,12,,ししせんこー,
06186.sfm,0x40C5,10,,まじんけん,
06186.sfm,0x40D0,75,,"しかし、何故
ほーおーてんく････？
よくわからんな････。
スタンが書いたのか？",
06186.sfm,0x411C,65,,"これは
シデンにあるジョニーの家に
あったかけじくに
書かれていたな",
06186.sfm,0x415E,80,,"海底に沈んでいたラディスロウの
システムを再び起動させるために
必要だったものは？",
06186.sfm,0x41AF,8,,ディスク,
06186.sfm,0x41B8,4,,かぎ,
06186.sfm,0x41BD,10,,カードキー,
06186.sfm,0x41C8,6,,レンズ,
06186.sfm,0x41CF,111,,"<button:00000025>ボタンと<button:00000027>ボタン同時押しで
出せる「ふっ飛ばし攻撃」
相手を遠くまで飛ばしてしまえる
この技の発動条件は？",
06186.sfm,0x423F,20,,ＨＰ９５％以上の状態,
06186.sfm,0x4254,20,,ＴＰ９５％以上の状態,
06186.sfm,0x4269,22,,フードサックがからっぽ,
06186.sfm,0x4280,20,,フードサックが満タン,
06186.sfm,0x4295,18,,ステータス正常状態,
06186.sfm,0x42A8,20,,ステータスに異常あり,
06186.sfm,0x42BD,14,,ひっかかったな,
06186.sfm,0x42CC,68,,"全世界で唯一、
サイリルの町の店でのみ
買える、貴重な「くだもの」は？",
06186.sfm,0x4311,12,,ブルーベリー,
06186.sfm,0x431E,12,,スウィーティ,
06186.sfm,0x432B,8,,きょほう,
06186.sfm,0x438C,4,, 馬 ,
06186.sfm,0x4391,6,,ひつじ,
06186.sfm,0x4398,4,,さる,
06186.sfm,0x439D,4,,とり,
06186.sfm,0x43A2,4,, 犬 ,
06186.sfm,0x43A7,6,,ねずみ,
06186.sfm,0x43AE,4,,うし,
06186.sfm,0x43B3,6,,うさぎ,
06186.sfm,0x4416,109,,"住民がダリルシェイドへ避難し、
無人となったアルメイダの村には
モンスターが出るようになる
そのモンスターとは？",
06186.sfm,0x4484,6,,オーガ,
06186.sfm,0x448B,8,,ゴーレム,
06186.sfm,0x4494,6,,ゾンビ,
06186.sfm,0x449B,10,,スケルトン,
06186.sfm,0x44A6,115,,"こいつはパーティーを組まずに
単体で現れるから、コンボを決めやすい。
こいつで、たっぷり
コンボボーナスを稼いでいこう",
06186.sfm,0x451A,84,,"ヒューゴの部下・バルックは、
ある生き物をあやつって攻撃する
その「ある生き物」とは？",
06186.sfm,0x456F,4,, 虫 ,
06186.sfm,0x4574,4,, 猫 ,
06186.sfm,0x4579,4,, 魚 ,
06186.sfm,0x457E,4,,くま,
06186.sfm,0x4583,83,,"虫を飛ばしたり
地面から出したり
天から降り注がせたりと
いろいろな方法で攻撃してくる",
06186.sfm,0x45D7,54,,"「むしくいリンゴ」を
フードサックに入れると
どうなる？",
06186.sfm,0x460E,20,,敵に遭遇しにくくなる,
06186.sfm,0x4623,20,,敵に遭遇しやすくなる,
06186.sfm,0x4638,19,,毒<button:00000056>におかされる,
06186.sfm,0x464C,19,,マヒ状態<button:0000005F>になる,
06186.sfm,0x4660,14,,ＨＰが回復する,
06186.sfm,0x466F,14,,ＨＰが減少する,
06186.sfm,0x467E,14,,ＴＰが回復する,
06186.sfm,0x468D,14,,ＴＰが減少する,
06186.sfm,0x469C,80,,"むしくいリンゴというと
遠慮したいようなたべものだが
実は結構つかえるたべものだな",
06186.sfm,0x46ED,113,,"剣として直接攻撃し、レンズ兵器
として晶術も使うソーディアン
中でも晶術による攻撃を
一番得意とするソーディアンは？",
06186.sfm,0x475F,10,,クレメンテ,
06186.sfm,0x476A,10,,ディムロス,
06186.sfm,0x4775,10,,アトワイト,
06186.sfm,0x4780,12,,イクティノス,
06186.sfm,0x478D,12,,シャルティエ,
06186.sfm,0x479A,85,,"ありとあらゆる属性の
攻撃用晶術を習得していく
ソーディアンだ
直接攻撃力は低かったがな",
06186.sfm,0x47F0,50,,"ディムロスは
直接攻撃力に特に優れた
ソーディアンだ",
06186.sfm,0x4823,89,,"アトワイトは
晶術が得意なソーディアンだが、
体力や状態異常を回復させる
回復系晶術が得意だ",
06186.sfm,0x487D,73,,"イクティノスは
晶術のパワーと直接攻撃力の
バランスがとれた
ソーディアンだ",
06186.sfm,0x48C7,72,,"シャルティエは
晶術のパワーと直接攻撃力のバランスがとれた
ソーディアンだ",
06186.sfm,0x4910,82,,"「ドルアーガの塔」を
はじめてクリアした時に手に入る
アタッチメントディスクの名は？",
06186.sfm,0x4963,14,,ちょうばくはつ,
06186.sfm,0x4972,12,,あおきりゅう,
06186.sfm,0x497F,12,,きょじんたつ,
06186.sfm,0x498C,14,,かみのいかずち,
06186.sfm,0x499B,78,,"ソーディアンに装着すると
最強の晶術「ビックバン」を
使えるようになるディスクだ",
06186.sfm,0x49EA,62,,"ノイシュタットのホテルで
チャレンジできた
ミニゲームって何だ？",
06186.sfm,0x4A29,16,,ブラックジャック,
06186.sfm,0x4A3A,8,,ポーカー,
06186.sfm,0x4A43,6,,ダウト,
06186.sfm,0x4A4A,6,,大貧民,
06186.sfm,0x4A51,8,,７ならべ,
06186.sfm,0x4A5A,8,,神経衰弱,
06186.sfm,0x4A63,8,,正解だ！,
06186.sfm,0x4A6C,6,,違う！,
06186.sfm,0x4A73,40,,"この中で
リオンだけが
使えた技はどれだ？",
06186.sfm,0x4A9C,6,,空襲剣,
06186.sfm,0x4AAE,6,,断空剣,
06186.sfm,0x4AB5,117,,"ダッシュして敵の群れを散らし、
敵が浮いた所をさらに突き上げる
スピード感ある技だ。すばやさが
高いリオンらしい剣技だな",
06186.sfm,0x4B2B,74,,"この技は、リオンの他に
スタンも使うことができた。
敵を連続で斬りつける技だ",
06186.sfm,0x4B76,66,,"この技は、
スタンとウッドロウが使えた
竜巻を起こして敵を浮かす技だ",
06186.sfm,0x4BB9,75,,"ダイクロフトを守っていた
「鏡面バリアー」
これを打ち破る
装置を作ったのは？",
06186.sfm,0x4C05,26,,ソーディアン・イクティノス,
06186.sfm,0x4C20,23,,ソーディアン･クレメンテ,
06186.sfm,0x4C38,23,,ソーディアン･アトワイト,
06186.sfm,0x4C50,12,,オットー博士,
06186.sfm,0x4C5D,12,,アイルツ博士,
06186.sfm,0x4C6A,10,,オベロン社,
06186.sfm,0x4C75,93,,"オリジナルメンバーの
イクティノス・マイナードは
情報工学・機械工学の
エキスパートだったらしい",
06186.sfm,0x4CD3,93,,"オリジナルメンバーの
ラヴィル・クレメンテは
生物学者だったようだから
こういうのは専門外だろう",
06186.sfm,0x4D31,91,,"オリジナルメンバーの
アトワイト・エックスは
医師だったようだから
こういうのは専門外だろうな",
06186.sfm,0x4D8D,52,,"オットー博士は
植物学者だ
こういうのは専門外だろうな",
06186.sfm,0x4DC2,73,,"エピローグのラストシーン
一番最後に家に入り、
扉を閉めた
キャラクターは？",
06186.sfm,0x4E0C,6,,リリス,
06186.sfm,0x4E13,6,,正解だ,
06186.sfm,0x4E1A,80,,"テイルズオブファンタジアの
クイズ出題者のクレスとアーチェ
この二人はどこにいた？",
06186.sfm,0x4E6B,18,,アルメイダの宿屋前,
06186.sfm,0x4E7E,22,,アルメイダのよろず屋前,
06186.sfm,0x4E95,18,,ハーメンツの宿屋前,
06186.sfm,0x4EA8,20,,ハーメンツの道具屋前,
06186.sfm,0x4EBD,16,,クレスタの宿屋前,
06186.sfm,0x4ECE,18,,クレスタの孤児院前,
06186.sfm,0x4EE1,22,,リーネのスタンの家の前,
06186.sfm,0x4EF8,20,,リーネの村長の家の前,
06186.sfm,0x4F0D,43,,"アルメイダというところまでは
合っているがな",
06186.sfm,0x4F39,41,,"宿屋の前というところまでは
合っているがな",
06186.sfm,0x4F63,85,,"ＨＰを６０％も回復させる
超高級な食べ物「かにみそ」
これは、どこで
買うことができる？",
06186.sfm,0x4FB9,12,,スノーフリア,
06186.sfm,0x4FC6,14,,ノイシュタット,
06186.sfm,0x4FD5,8,,チェリク,
06186.sfm,0x4FDE,6,,シデン,
06186.sfm,0x4FE5,8,,モリュウ,
06186.sfm,0x4FEE,8,,トウケイ,
06186.sfm,0x4FF7,113,,"「かにみそ」は、ここでしか買えない
高価で珍しい食べ物だ
値段は、なんと４０００ガルド！
サンマが１００匹以上買える",
06186.sfm,0x5069,95,,"「かに」は、寒い地方の海から
水揚げされたやつが
身がしまっていて美味い
あとでもう一度考えてみろ",
06186.sfm,0x50C9,103,,"リンゴにルーンボトルを使うと
むしくいリンゴになる
では、むしくいリンゴに
ルーンボトルを使うと何になる？",
06186.sfm,0x5131,6,,ジャム,
06186.sfm,0x5138,14,,くさったミカン,
06186.sfm,0x51B3,4,,ヤス,
06186.sfm,0x51B8,4,,トラ,
06186.sfm,0x51BD,4,,ヒデ,
06186.sfm,0x51C2,4,,タカ,
06186.sfm,0x51C7,4,,シゲ,
06186.sfm,0x51CC,81,,"紫電流秘包丁・奥義
虚空蒼破斬････とかいう
見事な包丁さばきを
見せてくれるらしいな",
06186.sfm,0x521E,86,,"漆黒の翼のリーダー・グリッドに
剣の稽古をつけてもらった
アルメイダの少年のその後とは？",
06186.sfm,0x5275,16,,家で暇にしている,
06186.sfm,0x5286,20,,一人、冒険の旅に出る,
06186.sfm,0x529B,20,,漆黒の翼の一員になる,
06186.sfm,0x52B0,20,,村の剣術の先生になる,
06186.sfm,0x52C5,16,,王国の兵士になる,
06186.sfm,0x52EB,79,,"剣を習うのは良いものの
師があのグリッドでは
せいぜいそんなところ止まり
だろうな",
06186.sfm,0x533B,27,,"想像できなくもないが
違うな",
06186.sfm,0x5357,75,,"どうかな
剣術を身につけるのは
大いに結構なことだが
師があのグリッドでは････",
06186.sfm,0x53F1,32,,"シデン領の 
領主の名は何という？",
06186.sfm,0x5412,10,,アルツール,
06186.sfm,0x541D,4,,ジノ,
06186.sfm,0x5422,6,,ノリス,
06186.sfm,0x5429,6,,バート,
06186.sfm,0x5430,6,,ギズロ,
06186.sfm,0x5437,47,,"アルツール・シデン
ジョニー・シデンは彼の三男だ",
06186.sfm,0x5467,54,,"これは
モリュウ領領主 
フェイト・モリュウの
父親の名だ",
06186.sfm,0x549E,65,,"これは
テイルズオブエターニアの
ファラ・エルステッドの
父親の名だ",
06186.sfm,0x54E0,65,,"これは
テイルズオブファンタジアの
アーチェ・クラインの
父親の名だ",
06186.sfm,0x5522,63,,"これは
テイルズオブエターニアの
キール・ツァイベルの
父親の名だ",
06186.sfm,0x5562,99,,"ルーティに杖の探索を依頼した
ハーメンツの富豪ウォルトが
秘書としてやとっている
女性は何者だったか？",
06186.sfm,0x55C6,18,,バニーのおねえさん,
06186.sfm,0x55D9,6,,メイド,
06186.sfm,0x55E0,12,,自分の奥さん,
06186.sfm,0x55ED,8,,自分の娘,
06186.sfm,0x55F6,20,,孤児院で引き取った娘,
06186.sfm,0x560B,83,,"ふざけて答えるな<03:00000010>････<03:00000002>と
言いたいところだが････、
これが正解だ
まったく････",
06186.sfm,0x565F,45,,"飛行竜を直すために
必要だった生体金属の名は？",
06186.sfm,0x568D,12,,ベルセリウム,
06186.sfm,0x569A,12,,オリハルコン,
06186.sfm,0x56A7,8,,バリウム,
06186.sfm,0x56B0,10,,バルバトス,
06186.sfm,0x56BB,10,,ベルセルム,
06186.sfm,0x56C6,10,,べラドンナ,
06186.sfm,0x56D1,8,,ミスリル,
06186.sfm,0x56DA,12,,オベロナミン,
06186.sfm,0x56E7,14,,当たって当然だ,
06186.sfm,0x570B,28,,そんなものに、惑わされるとは,
06186.sfm,0x5728,22,,お前の力は、この程度か,
06186.sfm,0x573F,40,,"この中で
チェルシーの部屋に
無い物とは？",
06186.sfm,0x5768,4,, 机 ,
06186.sfm,0x576D,4,,鏡台,
06186.sfm,0x5772,6,,ベッド,
06186.sfm,0x5779,12,,描きかけの絵,
06186.sfm,0x578D,4,, 窓 ,
06186.sfm,0x5792,14,,よく知ってるな,
06186.sfm,0x57A1,93,,"飛行竜の倉庫内
ソーディアン・ディムロスが
収められていた場所を
再度訪れると、何が手に入るか？",
06186.sfm,0x57FF,12,,デッキブラシ,
06186.sfm,0x581D,16,,フランヴェルジュ,
06186.sfm,0x582E,12,,あつきちから,
06186.sfm,0x583B,16,,きんのフライパン,
06186.sfm,0x584C,8,,ブルーム,
06186.sfm,0x5855,93,,"ソーディアン・ディムロスが
無くなり、空になった箱が････
フッ、掃除用具入れに
されていたわけか",
06186.sfm,0x58B3,39,,"このアイテムが手に入るのは
別の場所だな",
06186.sfm,0x58DB,58,,"このアイテムは
テイルズオブデスティニーには
存在しない････",
06186.sfm,0x5916,33,,"マリーの家の本棚にあった
本とは？",
06186.sfm,0x5938,6,,日記帳,
06186.sfm,0x593F,16,,料理のレシピの本,
06186.sfm,0x5957,10,,戦術指南書,
06186.sfm,0x5962,12,,通販カタログ,
06186.sfm,0x596F,83,,"マリーの夫・ダリスの
日記帳があったな
ダリス自身によって
ページが破られているが････",
06186.sfm,0x59C3,74,,"チェリクにあった
バルック基金のオフィスの本棚に
確かそんな本があったな････",
06186.sfm,0x5A80,107,,"マリーとその夫・ダリスは
サイリルの自警団員だったから
この手の本を持っていても
不思議ではないが、まちがいだ",
06186.sfm,0x5AEC,101,,"････まあ、外を出歩くのも大変な
雪深いファンダリアでは
家庭に一冊あると
なにかと便利かも知れないが････",
06186.sfm,0x5B52,68,,"カルビオラに住んでいる
複雑で悲しい生い立ちを背負った
少女の名前は？",
06186.sfm,0x5B97,6,,エレナ,
06186.sfm,0x5B9E,6,,エリナ,
06186.sfm,0x5BA5,6,,エリス,
06186.sfm,0x5BAC,6,,エレン,
06186.sfm,0x5BB3,6,,カレン,
06186.sfm,0x5BBA,6,,カンナ,
06186.sfm,0x5BC1,105,,"父がカルバレイス人
母がファンダリア人の少女
父の死後姑に家を追い出された母を
日々思いつつ孤独に暮している",
06186.sfm,0x5C2B,85,,"以下の中で、<button:00000035>ボタンで調べると
「エゾゲマツ」と鳴き声を発する
エゾゲマツはどれか？",
06186.sfm,0x5C81,12,,黒エゾゲマツ,
06186.sfm,0x5C8E,12,,赤エゾゲマツ,
06186.sfm,0x5C9B,12,,青エゾゲマツ,
06186.sfm,0x5CA8,12,,白エゾゲマツ,
06186.sfm,0x5CB5,95,,"甲高くてしゃがれた声で
「エゾゲマツ」と鳴く
どういう植物なのか知らんが
奇妙な事この上ないな････",
06186.sfm,0x5D15,110,,"これは、<button:00000035>ボタンで調べると
赤ん坊の声のような音を発する
どういう植物なのか知らんが
奇妙な事この上ないな････",
06186.sfm,0x5DFF,14,,アコーディオン,
06186.sfm,0x5E0E,6,,ピアノ,
06186.sfm,0x5E15,6,,ギター,
06186.sfm,0x5E23,87,,"ソーディアンに、ディスク
「もえさかるだいち」を
装着すると、どの晶術が
発動可能になる？",
06186.sfm,0x5E7B,12,,イラプション,
06186.sfm,0x5E88,16,,ファイアストーム,
06186.sfm,0x5E99,16,,フィアフルフレア,
06186.sfm,0x5EAA,14,,エクスプロード,
06186.sfm,0x5EB9,16,,フレアトーネード,
06186.sfm,0x5F3A,24,,ジョニーの覚えない技は？,
06186.sfm,0x5F53,12,,おどれルンバ,
06186.sfm,0x5F60,14,,ごーごーサンバ,
06186.sfm,0x5F6F,12,,かわせマーチ,
06186.sfm,0x5F7C,14,,なかよしワルツ,
06186.sfm,0x5F8B,14,,ミラクルボイス,
06186.sfm,0x5F9A,16,,あたるシンフォニ,
06186.sfm,0x5FAB,14,,ねむれララバイ,
06186.sfm,0x5FBA,14,,やるじゃないか,
06186.sfm,0x5FC9,4,,フッ,
06186.sfm,0x5FCE,32,,スコアＧでジョニーの覚える技は？,
06186.sfm,0x5FEF,12,,しびれルンバ,
06186.sfm,0x5FFC,32,,スコアＡでジョニーの覚える技は？,
06186.sfm,0x601D,105,,"ジャンクランドの片隅で
ケンカ中の「彼氏」と「彼女」
「彼女」が「彼氏」に平手打ちをする
際に発した言葉は？",
06186.sfm,0x6087,20,,このかいしょーなし！,
06186.sfm,0x609C,12,,この文なし！,
06186.sfm,0x60A9,16,,このろくでなし！,
06186.sfm,0x60BA,16,,このいくじなし！,
06186.sfm,0x61B7,39,,"直径６ｍの超巨大レンズは
次のうちどれ？",
06186.sfm,0x61DF,6,,神の眼,
06186.sfm,0x61E6,6,,魚の眼,
06186.sfm,0x61F4,6,,俺の眼,
06186.sfm,0x61FB,6,,猫の眼,
06186.sfm,0x6202,6,,神の眠,
06186.sfm,0x6210,6,,僕の眼,
06186.sfm,0x6217,30,,そんなものに、惑わされるとはな,
06186.sfm,0x6236,18,,お前は、この程度か,
06186.sfm,0x6249,107,,"「ドルアーガの塔」に出現する
姿の見えないモンスター
「ゴースト」を見えるように
するために使うアイテムとは？",
06186.sfm,0x62B5,8,,カンテラ,
06186.sfm,0x62BE,18,,ソーサラースコープ,
06186.sfm,0x62D1,14,,マジックミスト,
06186.sfm,0x62E0,14,,スカウトオーブ,
06186.sfm,0x62EF,18,,かいちゅうでんとう,
06186.sfm,0x6302,47,,"全６０階ある「ドルアーガの塔」の
６階で手に入る",
06186.sfm,0x6332,79,,"ソーサラースコープは
テイルズオブデスティニ－には
存在していなかった
アイテムだ",
06186.sfm,0x6382,46,,"このアイテムは
戦闘中の逃走速度を
上げるものだ",
06186.sfm,0x63B1,69,,"このアイテムは
敵の出現率を
自由に変えることが
出来るようになるものだ",
06186.sfm,0x63F7,41,,"このような名前のアイテムは
存在しない････",
06186.sfm,0x6461,6,,毛織物,
06186.sfm,0x646F,4,,木材,
06186.sfm,0x6479,4,,鉱物,
06186.sfm,0x647E,41,,"ちなみに、その主な取引先は
セインガルドだ",
06186.sfm,0x650E,95,,"砂漠が国土の大半を占め
降水量も少ないカルバレイスに
豊富な木材を確保できる
豊かな森は無いだろう",
06186.sfm,0x656E,99,,"カルバレイスで
米や麦の畑は作れないだろう
砂漠が多く、降水量も少ないので
農業自体まともにはできない",
06186.sfm,0x65D2,95,,"カルバレイスに大規模な鉱山が
あるという話は聞いた事がない
鉱物資源が豊富なのは
フィッツガルドだ",
06186.sfm,0x66A6,4,,孤独,
06186.sfm,0x66AB,4,,幻覚,
06186.sfm,0x66B0,4,,試練,
06186.sfm,0x66B5,4,,精霊,
06186.sfm,0x66BA,4,,空間,
06186.sfm,0x66BF,4,,迷宮,
06186.sfm,0x66C4,103,,"水晶の間では、スタン１人で
闇をくぐりぬけなければならない
暗にその危険を警告しているかのような
言葉だな",
06186.sfm,0x672C,57,,"ここにある水晶は幻覚ではなく
実際にそこに存在している物だ",
06186.sfm,0x6766,58,,"確かに水晶の間は
スタンに試練を与えるが
解答としては違うな",
06186.sfm,0x67A1,83,,"地水火風の精霊はいるが
水晶の精霊など
聞いた事が無いだろう？
適当に答えるんじゃない",
06186.sfm,0x67F5,50,,"確かに
水晶の空間ではあるのだが
解答としては違うな",
06186.sfm,0x6828,71,,"確かに水晶の間は
いわば水晶の迷宮と
いったところだが
解答としては違うな",
06186.sfm,0x6870,105,,"スタンはルーティの何なのかと
たずねる孤児院の子供に
スタンがあいまいに答えると
ルーティはどう反応するか？",
06186.sfm,0x68DA,20,,スタンは弟子だと言う,
06186.sfm,0x68EF,20,,スタンは彼氏だと言う,
06186.sfm,0x6904,18,,めちゃくちゃに怒る,
06186.sfm,0x6917,14,,むっつりと怒る,
06186.sfm,0x6926,20,,その子に微笑みかける,
06186.sfm,0x693B,12,,恥ずかしがる,
06186.sfm,0x6948,20,,スタンは下僕だと言う,
06186.sfm,0x695D,20,,ルーティらしいな････,
06186.sfm,0x6972,60,,"おまえ、ルーティが
そんなことを言えるような
女だと思うのか？",
06186.sfm,0x69AF,35,,"そのように想像できない
事もないがな",
06186.sfm,0x69D3,62,,"彼女はその孤児院出身だから
そのように想像できない
事もないがな",
06186.sfm,0x6A12,40,,"どうだろうな
ルーティは
そういう性格か？",
06186.sfm,0x6AED,12,,実家に帰った,
06186.sfm,0x6B0D,16,,行方をくらました,
06186.sfm,0x6B1E,20,,重傷を負い、療養生活,
06186.sfm,0x6B38,35,,"そうしても良かったと
思うのだが････",
06186.sfm,0x6B5C,41,,"そうなるのが一番良かったと
思うのだが････",
06186.sfm,0x6B86,41,,"彼女は<03:00000008>････
<03:00000002>%Sそんな事はしない！",
06186.sfm,0x6BB0,55,,"彼女の身に<03:00000008>････
<03:00000002>%Sそんなことがあってたまるか！",
06186.sfm,0x6BE8,101,,"リーネの実家でスタンとリリスは
同じ部屋を使っているが
その部屋に存在しないものは
この中のうちどれか？",
06186.sfm,0x6C4E,20,,スタンの目覚まし時計,
06186.sfm,0x6C63,14,,スタンのベッド,
06186.sfm,0x6C72,14,,スタンのタンス,
06186.sfm,0x6C81,14,,リリスの秘密箱,
06186.sfm,0x6C90,18,,リリスのクマちゃん,
06186.sfm,0x6CA3,12,,リリスの鏡台,
06186.sfm,0x6CB0,92,,"目覚まし時計などでは
スタンは起きない････
これは<Kyle>も同じだな
････困った所が遺伝したものだ",
06186.sfm,0x6D0D,73,,"この中で
スタンとリリス両方にとって
あってもあまり
意味の無いものが答えだ",
06186.sfm,0x6D57,68,,"ハーメンツの村の道具屋は
なんという名か覚えているか？
次の中から選べ",
06186.sfm,0x6D9C,6,,極楽鳥,
06186.sfm,0x6DA3,8,,御機嫌鳥,
06186.sfm,0x6DB3,6,,極薬鳥,
06186.sfm,0x6DBA,6,,有楽鳥,
06186.sfm,0x6DC1,8,,御気楽鳥,
06186.sfm,0x6DCA,6,,極悪鳥,
06186.sfm,0x6DD1,6,,不死鳥,
06186.sfm,0x6DD8,12,,話にならんな,
06186.sfm,0x6DE5,18,,集中力が足りないな,
06186.sfm,0x6DF8,14,,おしい、が違う,
06186.sfm,0x6E07,22,,まったく、話にならんな,
06186.sfm,0x6E1E,68,,"ダリルシェイドの食材屋は
なんという名か覚えているか？
次の中から選べ",
06186.sfm,0x6E63,8,,ピッコロ,
06186.sfm,0x6E6C,8,,フルート,
06186.sfm,0x6E75,12,,クラリネット,
06186.sfm,0x6E82,6,,三味線,
06186.sfm,0x6E89,6,,ハープ,
06186.sfm,0x6E90,10,,チェンバロ,
06186.sfm,0x6E9B,10,,バグパイプ,
06186.sfm,0x6EA6,12,,トロンボーン,
06186.sfm,0x6EB3,31,,"この程度の問題は
正解して当然だ",
06186.sfm,0x6ED3,47,,"ジャンクランドの宿屋に
宿泊していた旅の者とは？",
06186.sfm,0x6F03,14,,レンズハンター,
06186.sfm,0x6F12,6,,行商人,
06186.sfm,0x6F19,8,,吟遊詩人,
06186.sfm,0x6F22,4,,画家,
06186.sfm,0x6F27,6,,料理人,
06186.sfm,0x6FA2,87,,"トラッシュマウンテンに
眠るであろう宝を欲して来る
行商人もいるかもしれないが
まちがいだ",
06186.sfm,0x7068,99,,"住人はいるものの、まるで
廃墟のような町のありさまを
描きに来る画家もいるかも
しれないが、まちがいだ",
06186.sfm,0x70CC,66,,"わざわざジャンクランドまで
料理人が何の用があって
行くというのだ？",
06186.sfm,0x717F,91,,"ダリルシェイドにいる
オベロン社のレンズ製品好きな
親子が特に気に入っていた
レンズ製品とは？",
06186.sfm,0x71E4,8,,そうじ機,
06186.sfm,0x71ED,6,,コンロ,
06186.sfm,0x71F4,10,,ドライヤー,
06186.sfm,0x71FF,8,,まないた,
06186.sfm,0x7208,64,,"レンズ製品を製造する会社が
まないたを作って売るとでも
思うのか？",
06186.sfm,0x7249,31,,"ルーティが
生まれたのはどこか？",
06186.sfm,0x7269,14,,ダリルシェイド,
06186.sfm,0x7278,8,,クレスタ,
06186.sfm,0x7281,6,,リーネ,
06186.sfm,0x7288,113,,"ルーティは、ダリルシェイドの
とある裕福な家庭に生まれたが････
まもなく、クレスタの孤児院前に
置き去りにされたんだ",
06186.sfm,0x72FA,101,,"クレスタは、ルーティが育った
場所だな
彼女が暮したクレスタの孤児院が
今のデュナミス孤児院なのだろうな",
06186.sfm,0x7360,109,,"リーネは、スタンの故郷だ
第三大陸の山奥にある田舎で
ここ出身のスタンは、ルーティによく
「田舎者」と言われたな",
06186.sfm,0x73CE,103,,"ルーティは資金難の孤児院に育ち
ノイシュタットもまた
貧しい子供の多い町だったが
彼女はここの出身ではない",
06186.sfm,0x7436,73,,"ハーメンツの宿屋の
スイートルームにいる
二人連れの客
彼らは何者だったか？",
06186.sfm,0x7480,12,,作家＆編集員,
06186.sfm,0x748D,20,,芸能人＆マネージャー,
06186.sfm,0x74A2,16,,茶道の師匠＆弟子,
06186.sfm,0x74B3,18,,スポーツ選手＆監督,
06186.sfm,0x74C6,20,,大富豪の息子＆婚約者,
06186.sfm,0x753B,113,,"テイルズオブファンタジアの
収集アイテム「Ｓフラッグ」
実はデスティニーにも存在する
この中でそれが見られる場所は？",
06186.sfm,0x75AD,8,,レンズ屋,
06186.sfm,0x75B6,6,,たね屋,
06186.sfm,0x75BD,8,,平六の家,
06186.sfm,0x75C6,14,,ドルアーガの塔,
06186.sfm,0x75D5,87,,"入手する事は出来ないが
レンズ屋の棚で見られる
後は「開発室」なる所でも
見られるようだな",
06186.sfm,0x762D,118,,"タイトル画面で流れるテーマ曲
「Tales of Destiny」
この曲をサウンドテストモードで聞くには
BGMナンバーを何番に合わせる？",
06186.sfm,0x76A4,6,,５５番,
06186.sfm,0x76AB,6,,１１番,
06186.sfm,0x76B2,6,,２２番,
06186.sfm,0x76B9,6,,３３番,
06186.sfm,0x76C0,6,,４４番,
06186.sfm,0x76C7,6,,６６番,
06186.sfm,0x76CE,6,,７７番,
06186.sfm,0x76D5,6,,８８番,
06186.sfm,0x76DC,78,,"ストレイライズ神殿に入って
すぐのセーブポイントで
水を出しているのは何の像だ？",
06186.sfm,0x772B,6,,かえる,
06186.sfm,0x7732,16,,ブッシュベイビー,
06186.sfm,0x7743,4,,天使,
06186.sfm,0x7748,8,,ライオン,
06186.sfm,0x7751,2,,犬,
06186.sfm,0x7757,8,,あまいな,
06186.sfm,0x7760,83,,"これらの宝石は、装備すると
防御力を上げる効果がある
その効果が一番
高いのはどれか？",
06186.sfm,0x77B4,8,,トパーズ,
06186.sfm,0x77BD,10,,ガーネット,
06186.sfm,0x77C8,14,,ムーンストーン,
06186.sfm,0x77D7,10,,アメジスト,
06186.sfm,0x77E2,45,,"孤児院の中で、子供達は
何をして遊んでいたか？",
06186.sfm,0x7810,6,,積み木,
06186.sfm,0x7817,10,,かくれんぼ,
06186.sfm,0x7831,8,,ままごと,
06186.sfm,0x783A,6,,絵描き,
06186.sfm,0x7841,95,,"ハイデルベルグ地下通路にて
ウッドロウが聞かせた
ここには幽霊がいるという噂に
おびえたのは誰か？",
06186.sfm,0x78A1,78,,"神という、目に見えないものを
信仰してはいても
どうやら幽霊は駄目だったらしいな",
06186.sfm,0x7927,37,,"彼女がそんな話を
間に受けると思うか？",
06186.sfm,0x794D,47,,"そんなわけがないだろう
真面目に答えているのか？",
06186.sfm,0x797D,95,,"この時は、彼女の夫ダリスが
生死の境をさまよっていたため
彼女はとてもそんな話どころでは
なかった",
06186.sfm,0x79DD,95,,"ちなみに、その話は単なる
噂などではなかった
幽霊などが苦手な者は
生きた心地がしなかっただろうな",
06186.sfm,0x7A3D,6,,**問題,
06186.sfm,0x7A44,6,,**正解,
06186.sfm,0x7A4B,10,,**正解です,
06187.sfm,0x2684,15,,**間違い1,
06187.sfm,0x2694,15,,**間違い2,
06187.sfm,0x26A4,15,,**間違い3,
06187.sfm,0x26B4,15,,**間違い4,
06187.sfm,0x26C4,15,,**間違い5,
06187.sfm,0x26D4,15,,**間違い6,
06187.sfm,0x26E4,31,,**間違い7,
06187.sfm,0x2704,15,,**間違いです1,
06187.sfm,0x2714,15,,**間違いです2,
06187.sfm,0x2724,15,,**間違いです3,
06187.sfm,0x2734,15,,**間違いです4,
06187.sfm,0x2744,15,,**間違いです5,
06187.sfm,0x2754,15,,**間違いです6,
06187.sfm,0x2764,15,,**間違いです7,
06187.sfm,0x277A,18,,「せいかい」を選べ,
06187.sfm,0x278D,8,,せいかい,
06187.sfm,0x2796,10,,まちがい１,
06187.sfm,0x27A1,10,,まちがい２,
06187.sfm,0x27AC,10,,まちがい３,
06187.sfm,0x27B7,12,,せいかいです,
06187.sfm,0x27C4,14,,まちがい１です,
06187.sfm,0x27D3,14,,まちがい２です,
06187.sfm,0x27E2,14,,まちがい３です,
06187.sfm,0x27F1,8,,時間切れ,
06187.sfm,0x27FA,16,,ファラの職業は？,
06187.sfm,0x280B,4,,農民,
06187.sfm,0x2810,6,,格闘家,
06187.sfm,0x2817,8,,織物職人,
06187.sfm,0x2820,10,,家事手伝い,
06187.sfm,0x282B,6,,正解！,
06187.sfm,0x2832,10,,残念でした,
06187.sfm,0x283D,12,,時間切れだね,
06187.sfm,0x2872,16,,フォーマルハウト,
06187.sfm,0x2883,16,,フォーマルハウス,
06187.sfm,0x2894,16,,フォーマルハネト,
06187.sfm,0x28A5,16,,フォーマルコウト,
06187.sfm,0x28B6,28,,次の晶霊で、仲間外れはどれ？,
06187.sfm,0x28D3,6,,ノーム,
06187.sfm,0x28DA,12,,ウンディーネ,
06187.sfm,0x28E7,4,,レム,
06187.sfm,0x28EC,12,,マクスウェル,
06187.sfm,0x28F9,6,,シルフ,
06187.sfm,0x2900,42,,"正解！
ノームだけが
セレスティアの晶霊だね",
06187.sfm,0x292B,84,,"闇の極光術「エターナル・ファイナリティ」を
完全に防げるリッドが使う
極光派の名前は？",
06187.sfm,0x2980,26,,エターナル・インフィニティ,
06187.sfm,0x299B,22,,エターナル・セレスティ,
06187.sfm,0x29B2,24,,エターナル・インフェリア,
06187.sfm,0x29CB,24,,エターナル・セレスティア,
06187.sfm,0x29E4,44,,"正解だね
<button:00000035><button:00000036><button:00000037>を同時押しするんだ！",
06187.sfm,0x2A11,28,,ミンツ大学の受付嬢の名前は？,
06187.sfm,0x2A2E,6,,ジーナ,
06187.sfm,0x2A35,6,,ニーナ,
06187.sfm,0x2A3C,10,,カトリーヌ,
06187.sfm,0x2A47,6,,ジーニ,
06187.sfm,0x2A4E,84,,"ポケットステーションを使って遊べる
ミニゲームが数種類あったけど
全部でいくつだった？",
06187.sfm,0x2AA3,6,,四種類,
06187.sfm,0x2AAA,6,,二種類,
06187.sfm,0x2AB1,6,,三種類,
06187.sfm,0x2AB8,6,,五種類,
06187.sfm,0x2ABF,6,,六種類,
06187.sfm,0x2AC6,8,,正解だね,
06187.sfm,0x2ACF,20,,ちょっと少ないかな？,
06187.sfm,0x2AE4,12,,おしいねぇ！,
06187.sfm,0x2AF1,31,,"おしいねぇ！
次は正解するんだよ",
06187.sfm,0x2B11,18,,ちょっと多いかな？,
06187.sfm,0x2B24,14,,はい、時間切れ,
06187.sfm,0x2B33,92,,"キール出演のエタポケゲーム
「キール・アカデミー」をクリアした後に
キールがもらえる称号は何？",
06187.sfm,0x2B90,14,,ドクターミンツ,
06187.sfm,0x2B9F,14,,ドクターパンツ,
06187.sfm,0x2BAE,14,,ドクターミント,
06187.sfm,0x2BBD,14,,ドクターミカン,
06187.sfm,0x2BCC,29,,"正解だね
由来は大学名からだよ",
06187.sfm,0x2BEA,31,,"違うね
ちょっと変態チックかい？",
06187.sfm,0x2C0A,6,,違うね,
06187.sfm,0x2C11,39,,"違うね
コタツが恋しくなりそうな称号だね",
06187.sfm,0x2C39,21,,"時間切れだね
次行くよ",
06187.sfm,0x2C4F,84,,"ラシュアンの民家の中で、
サンドイッチを教えてくれる
ワンダーシェフは何に化けていた？",
06187.sfm,0x2CA4,14,,ブタさん貯金箱,
06187.sfm,0x2CB3,18,,ブタさんぬいぐるみ,
06187.sfm,0x2CD9,16,,ペットのブタさん,
06187.sfm,0x2CEA,55,,"正解だね
しかし、どういう仕組みで化けているのか謎だよね",
06187.sfm,0x2D22,35,,"残念でした
それもまたかわいいけどね",
06187.sfm,0x2D46,6,,残念！,
06187.sfm,0x2D4D,53,,"残念でした
さすがに生物に化けるのは無理じゃないかい？",
06187.sfm,0x2D83,29,,"時間切れだよ
次はがんばろうね",
06187.sfm,0x2DDB,12,,オーロックス,
06187.sfm,0x2DE8,12,,ホルスタイン,
06187.sfm,0x2DF5,4,,ヌウ,
06187.sfm,0x2DFA,12,,バッファロー,
06187.sfm,0x2E61,6,,違うよ,
06187.sfm,0x2E68,61,,"ラシュアン村の村長にあげる薬作りで
必要のないアイテムはどれ？",
06187.sfm,0x2EA6,8,,おしろい,
06187.sfm,0x2EAF,10,,たきぎむし,
06187.sfm,0x2EBA,8,,やまつの,
06187.sfm,0x2EC3,8,,ほしかわ,
06187.sfm,0x2EF4,31,,"残念、違うよ
むしも煎じるんだよ",
06187.sfm,0x2F14,25,,"違うよ
つのも煎じるんだよ",
06187.sfm,0x2F2E,25,,"違うよ
かわも煎じるんだよ",
06187.sfm,0x2F48,51,,"常に前向きな性格をしているファラ
では彼女の口癖は？",
06187.sfm,0x2F7C,14,,イケる、イケる,
06187.sfm,0x2F8B,14,,ヤレる、ヤレる,
06187.sfm,0x2F9A,14,,ヤメる、ヤメる,
06187.sfm,0x2FA9,14,,キテる、キテる,
06187.sfm,0x2FB8,39,,"正解だね
レッツ、ポジティブシンキング！",
06187.sfm,0x2FE0,12,,残念、違うよ,
06187.sfm,0x2FED,37,,"違うよ
なんだか後ろ向きなファラだねぇ",
06187.sfm,0x3013,23,,"違うよ
少々電波系かい？",
06187.sfm,0x302B,33,,"時間切れだね
次はイケる、イケる！",
06187.sfm,0x304D,73,,"非物質世界の神で、闇の極光術の資質を持つ
シゼルを支配していた者の名前は？",
06187.sfm,0x3097,8,,ネレイド,
06187.sfm,0x30A0,14,,バテンカイトス,
06187.sfm,0x30AF,12,,セイファート,
06187.sfm,0x30BC,8,,レグルス,
06187.sfm,0x30C5,51,,"正解！
エターニアを非物質世界に戻すのが目的らしいね",
06187.sfm,0x30F9,21,,"残念
それは世界名だね",
06187.sfm,0x310F,29,,"違うよ
それは光の極光術側だね",
06187.sfm,0x312D,35,,"時間切れだよ
悩む前に答えるんだよ！",
06187.sfm,0x3151,65,,"物語中でネレイドが一万年前に
創造したとされる非物質世界の名前は？",
06187.sfm,0x3193,12,,ベルクラント,
06187.sfm,0x31A0,14,,バンエルティア,
06187.sfm,0x31AF,16,,グランドフォール,
06187.sfm,0x31C0,47,,"正解だね
心象風景しかない実体のない世界だってさ",
06187.sfm,0x31F0,39,,"違うよ
それはデスティニー世界の兵器だよ",
06187.sfm,0x3218,35,,"残念でした
それは七大秘宝の一つだよ",
06187.sfm,0x323C,39,,"残念でした
それはネレイドが使う技かい？",
06187.sfm,0x3264,35,,"時間切れだね
悩む前に答えるんだよ！",
06187.sfm,0x3288,110,,"ラシュアンからミンツに向かう途中に
あるラシュアン河 
ここを渡るのに力を貸してくれる
レグルス道場の人の名前は？",
06187.sfm,0x32F7,6,,パオロ,
06187.sfm,0x32FE,6,,ビッツ,
06187.sfm,0x3305,6,,ロエン,
06187.sfm,0x330C,6,,ノリス,
06187.sfm,0x3313,8,,ハミルト,
06187.sfm,0x331C,33,,"正解だね
水の晶霊術が使える人だね",
06187.sfm,0x333E,39,,"違うよ
リッドの父親の名前じゃないかい？",
06187.sfm,0x3366,39,,"残念でした
それはインフェリア城の人だね",
06187.sfm,0x338E,39,,"残念でした
それはファラの父親の名前だよ",
06187.sfm,0x33B6,37,,"違うよ
彼はアイメンの武器工房の見習さ",
06187.sfm,0x33DC,88,,"レグルス道場内の大道場で
モンク達に闘いを挑まれるリッド
この時出てくるモンクの数は何人？",
06187.sfm,0x3435,4,,八人,
06187.sfm,0x343A,4,,四人,
06187.sfm,0x343F,4,,五人,
06187.sfm,0x3444,4,,六人,
06187.sfm,0x3449,4,,七人,
06187.sfm,0x344E,4,,九人,
06187.sfm,0x3453,4,,十人,
06187.sfm,0x3458,37,,"正解だね
もしかしてカンだったのかい？",
06187.sfm,0x347E,31,,"違うね
近い！もうちょっと多いよ",
06187.sfm,0x349E,33,,"違うね
近い！もうちょっと少ないよ",
06187.sfm,0x34C0,82,,"ミンツ大学内で
ミニゲーム「テイルズクイズ」が、
一番最初に出来る部屋は何階にある？",
06187.sfm,0x3513,4,,３Ｆ,
06187.sfm,0x3518,4,,１Ｆ,
06187.sfm,0x351D,4,,２Ｆ,
06187.sfm,0x3522,4,,４Ｆ,
06187.sfm,0x3527,56,,"正解！
本当は４階でも出来るけど、
一番最初はここだけだよ",
06187.sfm,0x3560,39,,"残念でした
そこには光晶霊研究室があるね",
06187.sfm,0x3588,39,,"残念でした
そこには水晶霊研究室があるね",
06187.sfm,0x35B0,55,,"残念でした
最終的にはそこでも出来るようになるんだけどね",
06187.sfm,0x35E8,92,,"ファラ出演のエタポケゲーム
「あっちむいてファラ」をクリアした後に
ファラがもらえる称号は何？",
06187.sfm,0x3645,18,,くびふりじょうおう,
06187.sfm,0x3658,18,,うでふりじょうおう,
06187.sfm,0x366B,18,,こしふりじょうおう,
06187.sfm,0x367E,18,,あしふりじょうおう,
06187.sfm,0x3691,50,,"正解！
でも、この称号だけを見ると
何事かと思うよね",
06187.sfm,0x36C4,43,,"残念！
「こしふり」って････フラフープかい？",
06187.sfm,0x36F0,49,,"時間切れだね
カンでもいいからとりあえず選んでみな",
06187.sfm,0x3722,85,,"ミンツからインフェリア港行定期連絡線に
乗ることが出来ますが、その二等客室のお値段は？",
06187.sfm,0x3778,12,,７２０ガルド,
06187.sfm,0x3785,12,,７００ガルド,
06187.sfm,0x3792,12,,７５０ガルド,
06187.sfm,0x379F,12,,７８０ガルド,
06187.sfm,0x37AC,12,,８００ガルド,
06187.sfm,0x37B9,39,,"正解だね
さて、高いんだか安いんだか････",
06187.sfm,0x37E1,20,,残念でした。近いよ！,
06187.sfm,0x37F6,22,,残念でした。近い近い！,
06187.sfm,0x380D,18,,残念でした。高い？,
06187.sfm,0x3820,61,,"ミンツの岩山で無限に出現するモンスターを
止める方法はなんだ？",
06187.sfm,0x385E,14,,岩で洞穴を塞ぐ,
06187.sfm,0x386D,14,,ボスを先に倒す,
06187.sfm,0x387C,16,,夜になるまで待つ,
06187.sfm,0x388D,18,,キールをつれてくる,
06187.sfm,0x38A0,29,,"正解！
結構移動が難しいかもね",
06187.sfm,0x38BE,45,,"残念でした
このダンジョンにボスはいないんだよ",
06187.sfm,0x38EC,31,,"残念でした
昼も夜も変わらないよ",
06187.sfm,0x390C,39,,"残念でした
それではどうにもならないよ！",
06187.sfm,0x3934,31,,"時間切れだね
次はきっと大丈夫さ",
06187.sfm,0x39C1,12,,走って逃げる,
06187.sfm,0x39CE,16,,死んだフリをする,
06187.sfm,0x39DF,10,,果敢に戦う,
06187.sfm,0x39F5,45,,"正解だね
ホーリーボトルが友達だったみたいだよ",
06187.sfm,0x3A23,49,,"残念でした
熊に死んだフリをしても無駄だという話さ",
06187.sfm,0x3A55,60,,"残念でした
きっと物語最終章あたりの
キールならそうしたかもね",
06187.sfm,0x3AAE,33,,"時間切れだね
次はきっと大丈夫だよ",
06187.sfm,0x3AD0,65,,"腰痛に悩まされているラシュアン村の
村長の為に必要な薬の名前は何？",
06187.sfm,0x3B12,14,,ホウテイバンリ,
06187.sfm,0x3B21,16,,ホッキョクバンリ,
06187.sfm,0x3B32,14,,ホウテイバンビ,
06187.sfm,0x3B41,14,,ホンカクバンリ,
06187.sfm,0x3B50,39,,"正解！
持っていってエタポケゲットだよ！",
06187.sfm,0x3B78,39,,"違うよ
よく冷してくれそうな名前だけどね",
06187.sfm,0x3BC6,29,,"時間切れだね
がんばるんだよ！",
06187.sfm,0x3BE4,98,,"ポケットステーションで遊べるようになる
アイテム、「エタポケ」でファラが主演の
ゲームのタイトルは？",
06187.sfm,0x3C47,18,,あっちむいてファラ,
06187.sfm,0x3C5A,18,,こっちむいてファラ,
06187.sfm,0x3C6D,18,,そっちむいてファラ,
06187.sfm,0x3C80,16,,どっちでもファラ,
06187.sfm,0x3C91,53,,"正解！
ゲーム内容の「あっちむいてホイ」から命名かね？",
06187.sfm,0x3CC7,49,,"残念、違うよ
ゲーム内容が想像できないタイトルだね",
06187.sfm,0x3CF9,33,,"時間切れだね
次はがんばるんだよ！",
06187.sfm,0x3D1B,98,,"ポケットステーションで遊べるようになる
アイテム、「エタポケ」でキールが主演の
ゲームのタイトルは？",
06187.sfm,0x3D7E,18,,キール・アカデミー,
06187.sfm,0x3D91,22,,ツァイベル・アカデミー,
06187.sfm,0x3DA8,18,,ミンツ・アカデミー,
06187.sfm,0x3DBB,22,,エターニア・アカデミー,
06187.sfm,0x3DD2,45,,"正解だよ
中々出来なくてイライラするゲームだね",
06187.sfm,0x3E00,100,,"ポケットステーションで遊べるようになる
アイテム、「エタポケ」でメルディが主演の
ゲームのタイトルは？",
06187.sfm,0x3E65,20,,ダンシング・メルディ,
06187.sfm,0x3E7A,24,,ロマンティック・メルディ,
06187.sfm,0x3E93,26,,エキサイティング・メルディ,
06187.sfm,0x3EAE,22,,ダイナマイト・メルディ,
06187.sfm,0x3EC5,47,,"正解だね
メルディが踊りを披露してくれたりするよ",
06187.sfm,0x3EF5,37,,"違うよ
これでもいいカンジもするけどね",
06187.sfm,0x3F1B,27,,"違うよ
活発なメルディかい？",
06187.sfm,0x3F37,66,,"残念
なんだかすごいゲームだ！
という雰囲気が伝わってくるけどね････",
06187.sfm,0x3F7A,60,,"時間切れだね
とりあえずボタンを押してみる
これがオススメだよ",
06187.sfm,0x3FB7,98,,"ポケットステーションで遊べるようになる
アイテム、「エタポケ」でリッドが主演の
ゲームのタイトルは？",
06187.sfm,0x401A,16,,たたかえ！リッド,
06187.sfm,0x402B,16,,たすけて！リッド,
06187.sfm,0x403C,16,,まけるな！リッド,
06187.sfm,0x404D,16,,いけいけ！リッド,
06187.sfm,0x405E,33,,"正解だよ
あたしは反射型が好きだな",
06187.sfm,0x4080,25,,"違うよ
お使いゲームかい？",
06187.sfm,0x409A,11,,"違うよ
残念",
06187.sfm,0x40A6,27,,"残念
ファラが応援してたり？",
06187.sfm,0x40C2,90,,"リッド出演のエタポケゲーム
「たたかえ！リッド」をクリアした後に
リッドがもらえる称号は何？",
06187.sfm,0x411D,18,,アルベインのけんし,
06187.sfm,0x4130,8,,カイザー,
06187.sfm,0x4139,10,,ベルセルク,
06187.sfm,0x4144,14,,でんせつのきし,
06187.sfm,0x4153,16,,おんそくのせんし,
06187.sfm,0x4164,47,,"残念！
この称号は海戦シミュレーションで取得だよ",
06187.sfm,0x4194,41,,"残念！
これは戦闘ランクと関係がある称号さ",
06187.sfm,0x41BE,47,,"残念、違うよ
この称号はレベル９９で習得するんだ",
06187.sfm,0x41EE,43,,"違うよ
これは戦闘時間が関係している称号だね",
06187.sfm,0x421A,12,,時間切れだよ,
06187.sfm,0x4227,98,,"メルディ出演のエタポケゲーム
「ダンシング・メルディ」をクリアした後に
メルディがもらえる称号は何？",
06187.sfm,0x428A,18,,フライングダンサー,
06187.sfm,0x429D,18,,クライングダンサー,
06187.sfm,0x42B0,18,,エレガンスダンサー,
06187.sfm,0x42C3,20,,ミステリアスダンサー,
06187.sfm,0x42D8,35,,"正解！
軽やかに踊るカンジの称号だね",
06187.sfm,0x42FC,39,,"残念！
泣きながら踊るメルディなのかい？",
06187.sfm,0x4324,37,,"残念！
これでもいい気がするんだけどね",
06187.sfm,0x434A,45,,"残念、違うよ
ミステリアスに踊ってそうだけどね",
06187.sfm,0x4378,17,,"時間切れだよ
次！",
06187.sfm,0x438A,36,,望郷の洞窟の前にいる道具屋の名前は？,
06187.sfm,0x43AF,6,,卵商人,
06187.sfm,0x43B6,6,,卵職人,
06187.sfm,0x43BD,6,,潮商人,
06187.sfm,0x43C4,6,,潮職人,
06187.sfm,0x43CB,35,,"正解だね
エッグベアの卵を持ってたね",
06187.sfm,0x43EF,37,,"残念でした
ヒヨコの識別したりするの？",
06187.sfm,0x4415,56,,"残念でした
確かに満潮と干潮が関係した
ダンジョンだけどね",
06187.sfm,0x444E,47,,"残念でした
それって、どんな仕事をする職人だい？",
06187.sfm,0x447E,31,,"時間切れだよ
次はきっと大丈夫さ",
06187.sfm,0x449E,102,,"エターニアを構成する二つの世界
インフェリアとセレスティア
セレスティアで使われている言語は何語という？",
06187.sfm,0x4505,12,,メルニクス語,
06187.sfm,0x4512,10,,ミアキス語,
06187.sfm,0x451D,12,,メルンクス語,
06187.sfm,0x452A,12,,ベルニクス語,
06187.sfm,0x4537,49,,"正解！
よく聞く言葉は「バイバ」と「ワイール」だね",
06187.sfm,0x4593,37,,"残念でした
カタカナ名はわかりづらいね",
06187.sfm,0x45B9,19,,"残念でした
おしい！",
06187.sfm,0x45CD,31,,"時間切れだね
あせっちゃダメだよ",
06187.sfm,0x464A,16,,オージェのピアス,
06187.sfm,0x465B,16,,ドエニスのポプリ,
06187.sfm,0x466C,16,,ロザニアのドレス,
06187.sfm,0x467D,14,,シルバーケイジ,
06187.sfm,0x468C,41,,"正解！
相手と心を通わせることが必要だよ？",
06187.sfm,0x46B6,33,,"残念でした
キレイな花なんだけどね",
06187.sfm,0x46D8,37,,"残念でした
････それを皆で着るのかい？",
06187.sfm,0x46FE,45,,"残念でした
それはアイフリード関係のアイテムさ",
06187.sfm,0x472C,69,,"モルルの食材屋で会うカトリーヌ
彼女が人違いされてる老人の孫の名前は？",
06187.sfm,0x4772,8,,シモーヌ,
06187.sfm,0x477B,8,,ピエール,
06187.sfm,0x4784,8,,マゼット,
06187.sfm,0x478D,39,,"正解！
違うと言い出せず彼女は困ってたね",
06187.sfm,0x47B5,43,,"残念でした
それはカトリーヌの恋人の名前だね",
06187.sfm,0x47E1,33,,"残念でした
それは水晶霊の名前だよ",
06187.sfm,0x4803,31,,"残念でした
それは博士の名前だね",
06187.sfm,0x4823,71,,"ダンジョン「いざないの密林」にある
仕掛けの像の名前で、ないものはどれ？",
06187.sfm,0x486B,10,,欲望の神像,
06187.sfm,0x4876,10,,破壊の神像,
06187.sfm,0x4881,10,,創造の神像,
06187.sfm,0x4897,10,,秩序の神像,
06187.sfm,0x48A2,37,,"時間切れだね
がんばって答えるんだよ！",
06187.sfm,0x48C8,53,,"王都インフェリアの王立劇場で
見られる劇のタイトルは？",
06187.sfm,0x48FE,14,,ウルタス・ブイ,
06187.sfm,0x490D,14,,ウルグス・ブイ,
06187.sfm,0x491C,14,,ウルタス・ビイ,
06187.sfm,0x492B,14,,ウルタル・ビイ,
06187.sfm,0x493A,29,,"正解！
君に委ねるってヤツだね",
06187.sfm,0x4958,31,,"残念でした
ちょっと後ろが違う？",
06187.sfm,0x4978,33,,"残念でした
全体的に違うような････",
06187.sfm,0x499A,80,,"王都インフェリアにある
「ホテルインフェリア」で見れるサブイベント
全部で何種類？",
06187.sfm,0x49EB,6,,七種類,
06187.sfm,0x49F2,6,,八種類,
06187.sfm,0x49F9,31,,"正解！
全部見たことあるのかい？",
06187.sfm,0x4A19,17,,"残念でした
惜しい",
06187.sfm,0x4A2B,19,,"残念でした
近い近い",
06187.sfm,0x4A3F,94,,"王都インフェリアにある
「ホテルインフェリア」で見れるサブイベント
この中で実際にないのはどれ？",
06187.sfm,0x4AAB,12,,ドジメイド編,
06187.sfm,0x4AB8,14,,お色気メイド編,
06187.sfm,0x4AC7,8,,怖い話編,
06187.sfm,0x4AD0,6,,芸猫編,
06187.sfm,0x4AD7,12,,幽霊メイド編,
06187.sfm,0x4AE4,21,,"正解！
････ウナギパイ",
06187.sfm,0x4AFA,37,,"残念でした
ドタバタメイドが登場するよ",
06187.sfm,0x4B20,37,,"残念でした
キールをステキに誘惑するよ",
06187.sfm,0x4B46,33,,"残念でした
ホテルに響く謎の声････",
06187.sfm,0x4B68,39,,"残念でした
謎の声の理由が今あきらかに！",
06187.sfm,0x4BC4,45,,"時間切れだね
カンでもいいから選んじゃおうよ！",
06187.sfm,0x4BF2,63,,"王都インフェリアにある
セイファート協会にいる大司教のお名前は？",
06187.sfm,0x4C32,12,,カルヴァーニ,
06187.sfm,0x4C3F,8,,ゾシモフ,
06187.sfm,0x4C48,8,,アレンデ,
06187.sfm,0x4C51,8,,ガレノス,
06187.sfm,0x4C5A,37,,"正解！
ちょっとムカツクおじいさんだね",
06187.sfm,0x4C80,35,,"残念でした
この人は天文台の台長だよ",
06187.sfm,0x4CA4,35,,"残念でした
それはお姫さまの名前だね",
06187.sfm,0x4CC8,41,,"残念でした
この人はセレスティアの人だろ？",
06187.sfm,0x4CF2,45,,"時間切れだね
カンでもいいから選んじゃいなよ！",
06187.sfm,0x4D20,61,,"インフェリア城に捕らえられたリッド達
この時牢屋で受けた刑は？",
06187.sfm,0x4D5E,10,,水責めの刑,
06187.sfm,0x4D7D,12,,くすぐりの刑,
06187.sfm,0x4D8A,37,,"正解！
お姫さまが助けてくれたんだよね",
06187.sfm,0x4DB0,33,,"残念でした
それじゃ、死んじまうよ",
06187.sfm,0x4DD2,29,,"残念でした
そいつは痛そうだね",
06187.sfm,0x4DF0,39,,"残念でした
たしかに辛そうだけれども････",
06187.sfm,0x4E18,27,,"時間切れだね
がんばるんだよ",
06187.sfm,0x4E34,51,,"チャットの特技「ポイハン」の
属性はなんだったかな？",
06187.sfm,0x4E68,4,, 水 ,
06187.sfm,0x4E6D,4,, 地 ,
06187.sfm,0x4E72,4,, 氷 ,
06187.sfm,0x4E77,4,, 雷 ,
06187.sfm,0x4E7C,20,,「地」はピコハンだね,
06187.sfm,0x4E91,20,,「氷」はコチハンだね,
06187.sfm,0x4EA6,26,,「雷」はパラライボールだね,
06187.sfm,0x4EC1,18,,残念、時間切れだよ,
06187.sfm,0x4ED4,76,,"リッドが使える得意技で
攻撃の種類が「斬」の技は
合計いくつあるかわかるかな？",
06187.sfm,0x4F21,2,,八,
06187.sfm,0x4F24,2,,六,
06187.sfm,0x4F27,2,,十,
06187.sfm,0x4F2A,4,,十二,
06187.sfm,0x4F2F,16,,残念、ハズレだよ,
06187.sfm,0x4F40,18,,残念、時間切れだね,
06187.sfm,0x4F53,49,,"ファラの得意技「殺劇舞荒拳」の
ＴＰ消費はいくつ？",
06187.sfm,0x4F85,4,,６０,
06187.sfm,0x4F8A,4,,４０,
06187.sfm,0x4F8F,4,,８０,
06187.sfm,0x4F94,6,,１００,
06187.sfm,0x4F9B,70,,"レグルスの丘で手に入る
フリンジ砲の完成に欠かせない
鉱物の名前はなに？",
06187.sfm,0x4FE2,14,,リバヴィウス鉱,
06187.sfm,0x4FF1,10,,ミスリル鉱,
06187.sfm,0x4FFC,10,,レグルス鉱,
06187.sfm,0x5007,12,,クレーメル鉱,
06187.sfm,0x5014,115,,"セレスティアに生息する珍しい動物
クィッキー
でも「クィッキー」はメルディが付けた名前
本当の学名は何か知ってるかい？",
06187.sfm,0x5088,18,,ポットラビッチヌス,
06187.sfm,0x509B,18,,ポットウサッチヌス,
06187.sfm,0x50AE,18,,ポットネコッチヌス,
06187.sfm,0x50C1,18,,ポットネズッチヌス,
06187.sfm,0x50D4,10,,その通り！,
06187.sfm,0x50DF,16,,残念、ハズレだね,
06187.sfm,0x50F0,58,,"セレシーアジトの奥に
突き刺さっていた剣は
なんだったかな？",
06187.sfm,0x512B,24,,ソーディアン・ディムロス,
06187.sfm,0x5144,24,,ソーディアン・アトワイト,
06187.sfm,0x515D,24,,ソーディアン・クレメンテ,
06187.sfm,0x5176,26,,ソーディアン・シャルティエ,
06187.sfm,0x5191,26,,ソーディアン・イクティノス,
06187.sfm,0x51AC,26,,ソーディアン・ベルセリオス,
06187.sfm,0x51C7,64,,"セレスティア人の頭部に
生まれた時からついている
発光体の名前は？",
06187.sfm,0x5208,8,,エラーラ,
06187.sfm,0x5211,8,,アラーラ,
06187.sfm,0x521A,8,,イラーラ,
06187.sfm,0x5223,8,,ウラーラ,
06187.sfm,0x522C,8,,オラーラ,
06187.sfm,0x5235,18,,ちょっと違うかな？,
06187.sfm,0x5248,82,,"レンズをアイテムと交換してくれる
シャンバールとティンシアに出没する
女性の名前は？",
06187.sfm,0x529B,8,,イレーヌ,
06187.sfm,0x52A4,8,,マリアン,
06187.sfm,0x52AD,8,,ルーティ,
06187.sfm,0x52B6,8,,エレノア,
06187.sfm,0x52BF,10,,ハズレだよ,
06187.sfm,0x52CA,45,,"格闘場でクレスに勝つと
入手できる剣の名前は？",
06187.sfm,0x52F8,16,,エターナルソード,
06187.sfm,0x5309,16,,エターニアソード,
06187.sfm,0x531A,18,,エモーションソード,
06187.sfm,0x532D,18,,エレメンタルソード,
06187.sfm,0x5340,10,,ハズレだね,
06187.sfm,0x534B,54,,"次のうち
海賊七つ道具ではない物は
どれだかわかるかな？",
06187.sfm,0x5382,12,,アイコンパス,
06187.sfm,0x538F,12,,ジーピーエス,
06187.sfm,0x539C,14,,ワンダーバック,
06187.sfm,0x53AB,18,,アイフリードハット,
06187.sfm,0x53BE,6,,望遠鏡,
06187.sfm,0x53C5,14,,アイホイッスル,
06187.sfm,0x53D4,16,,アイフリードの旗,
06187.sfm,0x53E5,16,,ピコハンリベンジ,
06187.sfm,0x53F6,24,,その通り！よくわかったね,
06187.sfm,0x540F,24,,それは七つ道具の一つだよ,
06187.sfm,0x5428,70,,"メルディがパラソルに結わえている
お気に入りのマスコット人形の
名前は？",
06187.sfm,0x546F,6,,コリン,
06187.sfm,0x5476,6,,ハリス,
06187.sfm,0x547D,6,,アレン,
06187.sfm,0x5484,8,,デコリン,
06187.sfm,0x548D,12,,残念、違うね,
06187.sfm,0x549A,72,,"晶霊温泉は、腰痛、風邪と
もう一つは何に効能があるのが
キャッチフレーズ？",
06187.sfm,0x54E3,6,,寝小便,
06187.sfm,0x54EA,6,,冷え性,
06187.sfm,0x54F1,6,,肩こり,
06187.sfm,0x54F8,6,,神経痛,
06187.sfm,0x54FF,47,,"セレスティア人の成人年齢は
いくつかわかるかな？",
06187.sfm,0x552F,6,,１０歳,
06187.sfm,0x5536,6,,１４歳,
06187.sfm,0x553D,6,,１６歳,
06187.sfm,0x5544,6,,１８歳,
06187.sfm,0x554B,6,,２０歳,
06187.sfm,0x5552,55,,"レイスが帽子に刺している花は
なんていう花かわかるかな？",
06187.sfm,0x558A,12,,ドエニスの花,
06187.sfm,0x5597,14,,ラベンダーの花,
06187.sfm,0x55A6,10,,リンゴの花,
06187.sfm,0x55B1,12,,エルメラの花,
06187.sfm,0x55BE,22,,残念、その花じゃないね,
06187.sfm,0x55D5,55,,"ファラに好意をよせていた
レグルス道場の門下生の名前は？",
06187.sfm,0x560D,8,,フランコ,
06187.sfm,0x5616,8,,カムラン,
06187.sfm,0x561F,8,,シリウス,
06187.sfm,0x5628,26,,それは道場の師範の名前だよ,
06187.sfm,0x5643,36,,それはラシュアンの村の村長の名前だよ,
06187.sfm,0x5668,78,,"一度ゲームをクリアした後に現れる
ネレイドの迷宮の外見は
何色の球体をしている？",
06187.sfm,0x56B7,4,, 紫 ,
06187.sfm,0x56BC,4,, 青 ,
06187.sfm,0x56C1,4,, 黄 ,
06187.sfm,0x56C6,4,, 緑 ,
06187.sfm,0x56F7,38,,残念でした。ちょっとさわやかじゃない？,
06187.sfm,0x571E,28,,残念でした。それじゃ明るいよ,
06187.sfm,0x573B,26,,残念でした。自然の色かい？,
06187.sfm,0x5756,26,,時間切れだね。がんばろうよ,
06187.sfm,0x5771,72,,"物語を通してリッド達を
阻止せんと登場するヒアデス
ゲーム中何回対決する？",
06187.sfm,0x57BA,4,,四回,
06187.sfm,0x57BF,4,,二回,
06187.sfm,0x57C4,4,,三回,
06187.sfm,0x57C9,4,,五回,
06187.sfm,0x57CE,4,,六回,
06187.sfm,0x57D3,46,,正解。隠しダンジョンも合わせるとこの数になるね,
06187.sfm,0x5802,49,,"残念でした。
見落としてるのがあるんじゃないかい？",
06187.sfm,0x5834,22,,残念でした。近いけどね,
06187.sfm,0x584B,40,,時間切れだね。がんばればいつかはできる！,
06187.sfm,0x5874,51,,"リッドが極光術を得る為に
行った試練は全部でいくつ？",
06187.sfm,0x58A8,54,,"正解
キールになったりシゼルに
なったりと大忙しだったね",
06187.sfm,0x58DF,26,,時間切れだね。がんばろう！,
06187.sfm,0x58FA,84,,"セイファートの試練で
子供のキールになったリッドが
ファラの為に取りに行ったものは何？",
06187.sfm,0x594F,10,,星のカケラ,
06187.sfm,0x595A,14,,村長のへそくり,
06187.sfm,0x5969,16,,オーロックスの乳,
06187.sfm,0x597A,35,,"正解
これが後で大事件に発展するんだ",
06187.sfm,0x599E,37,,"残念
････人のものを盗っちゃいけないよ",
06187.sfm,0x59C4,45,,"残念でした
それはリッドが喜ぶんじゃないかい？",
06187.sfm,0x59F2,39,,"残念でした
確かに喜ぶかもしれないけどね",
06187.sfm,0x5A1A,53,,"時間切れだね
どれでもいいからとりあえず答えてみようよ",
06187.sfm,0x5A50,44,,元素の大晶霊であるマクスウェルはどこにいる？,
06187.sfm,0x5A7D,18,,ファロース教会地下,
06187.sfm,0x5A90,18,,セイファート神殿奥,
06187.sfm,0x5AA3,20,,インフェリア城最上階,
06187.sfm,0x5AB8,16,,セレシーアジト奥,
06187.sfm,0x5AC9,45,,"正解だね
セイファートキーがあると行ける所だよ",
06187.sfm,0x5AF7,43,,"時間切れだね
どれでもいいから選んでみようよ",
06187.sfm,0x5B23,70,,"海の中にあるダンジョン沈没船の
ボス部屋にある宝箱の中に
ないのはどれ？",
06187.sfm,0x5B6A,16,,１６８４７ガルド,
06187.sfm,0x5B7B,16,,１４３０５ガルド,
06187.sfm,0x5B8C,16,,１５３６５ガルド,
06187.sfm,0x5B9D,16,,１０６５５ガルド,
06187.sfm,0x5BAE,16,,１２２４５ガルド,
06187.sfm,0x5BBF,8,,正解です,
06187.sfm,0x5BC8,53,,"隠しダンジョン・アイフリードの
墓にないマップはどれ？",
06187.sfm,0x5BFE,12,,監獄風マップ,
06187.sfm,0x5C0B,18,,お化け屋敷風マップ,
06187.sfm,0x5C1E,12,,地獄風マップ,
06187.sfm,0x5C2B,12,,洋館風マップ,
06187.sfm,0x5C38,35,,"残念
アイフリードのヒゲが手に入るよ",
06187.sfm,0x5C5C,39,,"残念
ここにはアイフリードの帽子があるね",
06187.sfm,0x5C84,35,,"残念
ここはアイフリードの服があるよ",
06187.sfm,0x5CA8,37,,"時間切れだね
答えないと正解はないよ！",
06187.sfm,0x5CCE,88,,"隠しダンジョン・アイフリードの
墓でアイフリード像に取りつける
アイテムでないものはどれ？",
06187.sfm,0x5D27,16,,アイフリードの鍵,
06187.sfm,0x5D38,18,,アイフリードのヒゲ,
06187.sfm,0x5D4B,18,,アイフリードの帽子,
06187.sfm,0x5D5E,16,,アイフリードの服,
06187.sfm,0x5D6F,88,,"遠征の橋を出現させる為に
アイフリードの台座内部にある
ソケットにはめこむアイテムはなに？",
06187.sfm,0x5DC8,18,,アイフリードケイジ,
06187.sfm,0x5DDB,16,,クレーメルケイジ,
06187.sfm,0x5DEC,16,,オルバースケイジ,
06187.sfm,0x5DFD,21,,"正解だね
五本必要だよ",
06187.sfm,0x5E13,60,,"ジイニのオークションで
手に入るセレスティア七大秘宝は
なに？",
06187.sfm,0x5E50,16,,レジュームリング,
06187.sfm,0x5E61,20,,ブッシュベイビーの像,
06187.sfm,0x5E76,4,,楽園,
06187.sfm,0x5E8A,8,,正解だよ,
06187.sfm,0x5E93,49,,"アイフリードの洞窟は
何式ダンジョンになっている？",
06187.sfm,0x5EC5,10,,スゴロク式,
06187.sfm,0x5ED0,6,,回転式,
06187.sfm,0x5ED7,10,,マラソン式,
06187.sfm,0x5EE2,6,,庭園式,
06187.sfm,0x5EE9,33,,"正解
ルーレットを回して進むんだよ",
06187.sfm,0x5F0B,49,,"残念でした
････どんなダンジョンだか想像つかないね",
06187.sfm,0x5F3D,38,,"残念でした
<button:00000035>ボタン連打で進むとか？",
06187.sfm,0x5F64,35,,"残念でした
なごみ系ダンジョンかい？",
06187.sfm,0x5F88,17,,"残念
時間切れだよ",
06187.sfm,0x5F9A,92,,"１フロアごとの仕掛けをクリアして
登っていくダンジョン「きらめきの塔」
さて、塔は全部で何階？",
06187.sfm,0x5FF7,4,,８階,
06187.sfm,0x5FFC,4,,５階,
06187.sfm,0x6001,4,,６階,
06187.sfm,0x6006,4,,７階,
06187.sfm,0x600B,4,,９階,
06187.sfm,0x6010,6,,１０階,
06187.sfm,0x6017,34,,正解。ボスは天空の守護者だったよね,
06187.sfm,0x603A,43,,"残念でした。
それじゃ少ないんじゃないかい？",
06187.sfm,0x6066,18,,残念でした。近い！,
06187.sfm,0x6079,18,,残念でした。近いよ,
06187.sfm,0x608C,30,,時間切れだね。次はがんばりなよ,
06187.sfm,0x60ED,16,,セイファートキー,
06187.sfm,0x60FE,16,,インフェリアキー,
06187.sfm,0x610F,16,,セレスティアキー,
06187.sfm,0x6120,14,,エターナルキー,
06187.sfm,0x612F,46,,正解。リッド達を導いてくれる大切なアイテムだね,
06187.sfm,0x615E,34,,残念でした。ありそうでない名前だね,
06187.sfm,0x6181,43,,"バリル城の前庭にある
宿屋の利用料はいくら？",
06187.sfm,0x61AD,14,,７７００ガルド,
06187.sfm,0x61BC,14,,５５００ガルド,
06187.sfm,0x61CB,14,,６６００ガルド,
06187.sfm,0x61DA,14,,８８００ガルド,
06187.sfm,0x61E9,20,,正解です。高いよね！,
06187.sfm,0x61FE,50,,残念でした。これでも高いけど、正解はもっと高いよ！,
06187.sfm,0x6231,30,,残念でした。これは高すぎだよ！,
06187.sfm,0x6250,80,,"雷晶霊の遺跡をクリアした時
光と闇の大晶霊のレムとシャドウは
リッドに何をくれた？",
06187.sfm,0x62A1,14,,エクスカリバー,
06187.sfm,0x62B0,16,,ラストフェンサー,
06187.sfm,0x62C1,16,,ガイアクリーヴァ,
06187.sfm,0x62D2,44,,正解。いかにも勇者の剣ってカンジの名前だね！,
06187.sfm,0x62FF,46,,残念でした。名前の意味は「最後の剣士」だってさ,
06187.sfm,0x632E,50,,残念でした。インフェリア闘技大会で手に入るヤツだね,
06187.sfm,0x6361,50,,残念でした。これはネレイドの迷宮で手に入るものだよ,
06187.sfm,0x63ED,6,,リッド,
06187.sfm,0x63F4,8,,フォッグ,
06187.sfm,0x63FD,34,,正解です。インフェリアの衛兵長だね,
06187.sfm,0x6420,44,,残念でした。主人公は違う役割があるってわけさ,
06187.sfm,0x644D,42,,残念でした。それはセレスティア側の代表だね,
06187.sfm,0x6478,60,,残念でした。それはレイスからロエンへの言付けを頼まれた人だね,
06187.sfm,0x64B5,51,,"職人の町ティンシアにいると
いわれる自由軍の名前は？",
06187.sfm,0x64E9,10,,シルエシカ,
06187.sfm,0x64F4,8,,ミアキス,
06187.sfm,0x64FD,10,,ペイルティ,
06187.sfm,0x6508,46,,残念でした。それはフォッグが飼っている動物だね,
06187.sfm,0x6537,44,,残念でした。それはセレスティアの町の名前だよ,
06187.sfm,0x6564,34,,残念でした。クィッキーの種類だろ？,
06187.sfm,0x6587,35,,"フォッグの飼っている
動物の名前は？",
06187.sfm,0x65AB,10,,デデちゃん,
06187.sfm,0x65B6,10,,トトちゃん,
06187.sfm,0x65C1,10,,タマちゃん,
06187.sfm,0x65CC,10,,ジジちゃん,
06187.sfm,0x65D7,45,,"正解です
奥さんが大事にしてたペットらしいよ？",
06187.sfm,0x6605,29,,"残念でした
････アザラシかね？",
06187.sfm,0x6623,37,,"残念でした
魔女が連れてそうな名前だね",
06187.sfm,0x6649,57,,"飛び出して行方不明になっている
フォッグの奥さんの名前は？",
06187.sfm,0x6683,8,,リシテア,
06187.sfm,0x668C,6,,マリー,
06187.sfm,0x6693,6,,アイラ,
06187.sfm,0x669A,6,,リリス,
06187.sfm,0x66A1,53,,"残念でした
どこかの国の王様に告白されたりしないかい？",
06187.sfm,0x66D7,27,,"残念でした
その人は副官だね",
06187.sfm,0x6713,90,,"ティンシアの回転寿司屋での
ミニゲーム「早食い勝負」に登場する
デスティニーのキャラはだれ？",
06187.sfm,0x676E,10,,コングマン,
06187.sfm,0x6779,10,,ウッドロウ,
06187.sfm,0x6784,6,,リオン,
06187.sfm,0x678B,6,,スタン,
06187.sfm,0x6792,29,,"正解です
見るからに強そうだね",
06187.sfm,0x67B0,35,,"残念でした
････以外と強かったりして",
06187.sfm,0x67D4,48,,"残念でした
ははは！
やってるとこが見てみたいよ！",
06187.sfm,0x6805,43,,"残念でした
この人は多分強いだろうけどねぇ？",
06187.sfm,0x6831,66,,"戦闘に負けたヒアデスが
落していくものは
「メンタルバンクル」と何？",
06187.sfm,0x6874,6,,たまご,
06187.sfm,0x687B,16,,アヒルのおもちゃ,
06187.sfm,0x688C,6,,きのこ,
06187.sfm,0x6893,6,,ライス,
06187.sfm,0x689A,35,,"正解
なんで持ってたのかは謎だけどね",
06187.sfm,0x68BE,41,,"残念
意外とカワイイもの好きだったりする？",
06187.sfm,0x68E8,26,,チャットの小屋は何階建て？,
06187.sfm,0x6903,8,,８階建て,
06187.sfm,0x690C,8,,５階建て,
06187.sfm,0x6915,8,,６階建て,
06187.sfm,0x691E,8,,７階建て,
06187.sfm,0x6927,8,,９階建て,
06187.sfm,0x6930,10,,１０階建て,
06187.sfm,0x695F,17,,"残念でした
近い！",
06187.sfm,0x6971,102,,"１フロアごとの仕掛けをクリアして
登っていくダンジョン「きらめきの塔」
では、このダンジョンのボスは誰？",
06187.sfm,0x69D8,12,,ワルキューレ,
06187.sfm,0x69E5,8,,ねこにん,
06187.sfm,0x69EE,10,,ドルアーガ,
06187.sfm,0x69F9,31,,"正解です
ナムコでおなじみだね！",
06187.sfm,0x6A39,41,,"残念でした
確かに光の晶霊だけど違うんだよ",
06187.sfm,0x6A63,41,,"残念でした
確かに塔つながりではあるけどね",
06187.sfm,0x6A8D,27,,"時間切れだね
次はがんばろう",
06187.sfm,0x6AA9,89,,"チャットの小屋地下の
各フロアごとに必要な
二つのキーアイテムは
「アヒルのおもちゃ」と何？",
06187.sfm,0x6B03,16,,アヒルのゼンマイ,
06187.sfm,0x6B14,12,,アヒルのネジ,
06187.sfm,0x6B21,14,,アヒルのコイン,
06187.sfm,0x6B30,12,,アヒルの産毛,
06187.sfm,0x6B3D,35,,"正解
水路に入れて仕掛けをとくんだよ",
06187.sfm,0x6B61,31,,"残念でした
････産毛って何だい？",
06187.sfm,0x6B81,63,,"チャットの小屋のなぞなぞ部屋
さて、この中でなかった答えはなに？",
06187.sfm,0x6BC1,6,,たんす,
06187.sfm,0x6BC8,4,,ちず,
06187.sfm,0x6BCD,10,,よだれかけ,
06187.sfm,0x6BD8,10,,ほうちょう,
06187.sfm,0x6BE3,8,,ぞうきん,
06187.sfm,0x6BEC,8,,ちりとり,
06187.sfm,0x6BF5,25,,"正解です
うん、なかったね",
06187.sfm,0x6C0F,29,,"残念でした
あったと思うけど？",
06187.sfm,0x6C2D,29,,"残念でした
あったんじゃない？",
06187.sfm,0x6C4B,25,,"残念でした
これはあったね",
06187.sfm,0x6C65,31,,"残念でした
あったらしいけど････",
06187.sfm,0x6C85,27,,"残念でした
あったって話だよ",
06187.sfm,0x6CA1,49,,"アイメンの武防屋にある
晶霊鉄道に必要な燃料は何？",
06187.sfm,0x6CD3,14,,トレインケイジ,
06187.sfm,0x6CE2,14,,エラーラケイジ,
06187.sfm,0x6CF1,12,,サグラケイジ,
06187.sfm,0x6CFE,41,,"正解
２０００ガルドでゆずってもらえたよね",
06187.sfm,0x6D28,47,,"残念でした
それはアイフリード関係のアイテムだよ",
06187.sfm,0x6D58,47,,"残念でした
サグラってのは武防屋の主人の名前だよ",
06187.sfm,0x6DB4,12,,のこのきのこ,
06187.sfm,0x6DC1,14,,のこにんぎょう,
06187.sfm,0x6DD0,14,,ねこにくきゅう,
06187.sfm,0x6DDF,12,,のこほんにん,
06187.sfm,0x6DEC,47,,"正解です
「のこ」の頭に生える「きのこ」だってさ",
06187.sfm,0x6E1C,31,,"残念でした
人形は食べられないね",
06187.sfm,0x6E3C,56,,"残念でした
食べるの？
････煮込みにすれば以外とおいしい？",
06187.sfm,0x6E75,37,,"残念でした
リッドなら････どうだろうね",
06187.sfm,0x6E9B,29,,"時間切れだね
次はがんばろうよ",
06187.sfm,0x6EB9,76,,"晶霊温泉でリッドのステータスの幸運が
９０％以上の時に
見られるイベントは何？",
06187.sfm,0x6F06,20,,メルディが男湯に出現,
06187.sfm,0x6F2C,20,,その日だけ混浴になる,
06187.sfm,0x6F41,18,,マッチョに囲まれる,
06187.sfm,0x6F54,52,,"正解
キールが出るに出れなくて
のぼせちゃったんだよね",
06187.sfm,0x6F89,76,,"残念でした
････まぁ、スカートめくりやってたような
誰かさんならやりそうだけど",
06187.sfm,0x6FD6,39,,"残念でした
それは････あんたの願望かい？",
06187.sfm,0x6FFE,45,,"残念でした
それ、幸運じゃないんじゃないかい？",
06187.sfm,0x702C,31,,"時間切れだね
次はがんばるんだよ",
06187.sfm,0x704C,66,,"バンエルティア号の空き部屋を
医務室にする為にかかる
費用はいくら？",
06187.sfm,0x708F,20,,１００００００ガルド,
06187.sfm,0x70A4,18,,１７００００ガルド,
06187.sfm,0x70B7,18,,３０００００ガルド,
06187.sfm,0x70CA,18,,８０００００ガルド,
06187.sfm,0x70DD,31,,"正解だね
それにしても高いねぇ！",
06187.sfm,0x70FD,44,,"残念でした
それは空き部屋に直す時の
値段だよ",
06187.sfm,0x712A,41,,"残念でした
それは宿泊室にする時の値段だね",
06187.sfm,0x7183,41,,"時間切れだね
あきらめないで、次、行くよ！",
06187.sfm,0x71E3,12,,ゼクンドゥス,
06187.sfm,0x71F0,8,,シャドウ,
06187.sfm,0x71F9,29,,"正解だね
最高位の高位晶霊だよ",
06187.sfm,0x7217,31,,"残念でした
それは光の大晶霊だね",
06187.sfm,0x7237,31,,"残念でした
それは闇の大晶霊だね",
06187.sfm,0x7257,39,,"残念でした
それは元素を司る高位晶霊だね",
06187.sfm,0x727F,35,,"時間切れだね
あきらめちゃダメだよ！",
06187.sfm,0x72A3,6,,**問題,
06187.sfm,0x72AA,8,,**正解！,
06187.sfm,0x72B3,10,,**正解です,
06188.sfm,0x1384,15,,**間違い1,
06188.sfm,0x1394,15,,**間違い2,
06188.sfm,0x13A4,15,,**間違い3,
06188.sfm,0x13B4,15,,**間違い4,
06188.sfm,0x13C4,15,,**間違い5,
06188.sfm,0x13D4,15,,**間違い6,
06188.sfm,0x13E4,31,,**間違い7,
06188.sfm,0x1404,15,,**間違いです1,
06188.sfm,0x1414,15,,**間違いです2,
06188.sfm,0x1424,15,,**間違いです3,
06188.sfm,0x1434,15,,**間違いです4,
06188.sfm,0x1444,15,,**間違いです5,
06188.sfm,0x1454,15,,**間違いです6,
06188.sfm,0x1464,15,,**間違いです7,
06188.sfm,0x147A,18,,「せいかい」を選べ,
06188.sfm,0x148D,8,,せいかい,
06188.sfm,0x1496,10,,まちがい１,
06188.sfm,0x14A1,10,,まちがい２,
06188.sfm,0x14AC,10,,まちがい３,
06188.sfm,0x14B7,12,,せいかいです,
06188.sfm,0x14C4,14,,まちがい１です,
06188.sfm,0x14D3,14,,まちがい２です,
06188.sfm,0x14E2,14,,まちがい３です,
06188.sfm,0x14F1,8,,時間切れ,
06188.sfm,0x14FA,87,,"ＳＦＣ版の
テイルズオブファンタジア
ドットキャラクターのミントの
帽子の色は何色だった？",
06188.sfm,0x1552,4,,水色,
06188.sfm,0x1557,10,,むらさき色,
06188.sfm,0x1562,8,,ピンク色,
06188.sfm,0x156B,10,,きみどり色,
06188.sfm,0x1576,4,,赤色,
06188.sfm,0x157B,10,,せいかい★,
06188.sfm,0x1586,8,,ん～残念,
06188.sfm,0x158F,10,,時間切れよ,
06188.sfm,0x15FA,12,,ポストカード,
06188.sfm,0x1607,14,,テレホンカード,
06188.sfm,0x1616,20,,トレーディングカード,
06188.sfm,0x162B,10,,ドラマＣＤ,
06188.sfm,0x1636,22,,設定資料集ＣＤ－ＲＯＭ,
06188.sfm,0x164D,109,,"五枚組ポストカードで、
それぞれ、スタン・ルーティ
フィリア・リオン・ウッドロウが
プリントされたものだったわね",
06188.sfm,0x1721,14,,クリアファイル,
06188.sfm,0x1730,8,,バンダナ,
06188.sfm,0x1739,98,,"<Kyle>・<Reala>・<Loni>
<Judas>・<Nanaly>・そして
わたしの六人のイラストが入った
非売品のファイルだったわね",
06188.sfm,0x1840,95,,"テイルズオブエターニアの
限定生産版についてきた
目覚し時計。そのアラーム音は
誰と誰の声だった？",
06188.sfm,0x18A0,20,,メルディとクィッキー,
06188.sfm,0x18B5,14,,リッドとファラ,
06188.sfm,0x18C4,16,,ファラとメルディ,
06188.sfm,0x18D5,16,,キールとメルディ,
06188.sfm,0x18E6,18,,ファラとクィッキー,
06188.sfm,0x18F9,20,,チャットとクィッキー,
06188.sfm,0x190E,14,,ファラとレイス,
06188.sfm,0x191D,18,,メルディとチャット,
06188.sfm,0x1930,68,,"メルディとクィッキーが
交互に呼びかけて起こしてくれる
ものだったわね",
06188.sfm,0x1975,93,,"テイルズオブエターニア The Animation
からの出題
メルディと大の仲良しになった
女の子の名前は？",
06188.sfm,0x19D3,8,,コリーナ,
06188.sfm,0x19DC,8,,マローネ,
06188.sfm,0x19E5,6,,ミニマ,
06188.sfm,0x19EC,10,,プラティア,
06188.sfm,0x19F7,10,,エクスシア,
06188.sfm,0x1A02,109,,"コリーナ・ソルジェンテ。
自称、吟遊詩人だそうよ。
とても明るくて元気だけど、
悲しい生い立ちを持つ子なんだって",
06188.sfm,0x1A70,103,,"テイルズオブエターニア The Animation
からの出題
リッドをめぐって、ファラと
ライバル関係になったのは誰？",
06188.sfm,0x1B3E,103,,"テイルズオブエターニア The Animation
からの出題
リッド達が島に滞在中に泊まっていた宿の
女主人の名前は？",
06188.sfm,0x1BA6,27,,"物腰やわらかな
大人の女性ね",
06188.sfm,0x1BC2,78,,"テイルズオブファンタジア
なりきりダンジョンからの出題
リリスって、どこにいた？",
06188.sfm,0x1C11,4,,宝箱,
06188.sfm,0x1C16,10,,ダンジョン,
06188.sfm,0x1C21,4,, 町 ,
06188.sfm,0x1C26,18,,デリス・カーラーン,
06188.sfm,0x1C39,93,,"ある条件を満たすと
主人公たちの家の中に出現する
宝箱の中にいたわね。
ちょっとびっくりしたけど",
06188.sfm,0x1C97,61,,"ドラマＣＤ「テイルズオブデスティニー」は
全何巻の構成だった？",
06188.sfm,0x1CD5,4,,６巻,
06188.sfm,0x1CDA,4,,３巻,
06188.sfm,0x1CDF,4,,４巻,
06188.sfm,0x1CE4,4,,５巻,
06188.sfm,0x1CE9,4,,７巻,
06188.sfm,0x1CEE,59,,"地上編が全３巻
天上編も全３巻
大ボリュームを誇る
一大巨編ね",
06188.sfm,0x1D96,10,,そう、正解,
06188.sfm,0x1E07,6,,リオン,
06188.sfm,0x1E0E,6,,スタン,
06188.sfm,0x1E15,8,,ルーティ,
06188.sfm,0x1E1E,8,,フィリア,
06188.sfm,0x1E27,10,,ウッドロウ,
06188.sfm,0x1E32,50,,"リオンと
ソーディアン・シャルティエの
絵だったわね",
06188.sfm,0x1E65,90,,"テイルズオブエターニア The Animation
からの出題
第１話でリッドの第一声はなんだったかしら？",
06188.sfm,0x1EC0,6,,空ぁ？,
06188.sfm,0x1EC7,10,,腹へった～,
06188.sfm,0x1ED2,12,,ファラってさ,
06188.sfm,0x1EDF,14,,へっくしょい！,
06188.sfm,0x1EEE,16,,俺！英雄になる！,
06188.sfm,0x1EFF,39,,"正解
最初は本当にのんきな少年だったわね",
06188.sfm,0x1F27,87,,"違うわよ
でも本当によく食べたわよね
リッドの食べっぷりは
見てても気持ちいいくらいだけど",
06188.sfm,0x1F7F,64,,"違う！
ファラの前では、
リッドは四角くて柔らかくて平たいものね！",
06188.sfm,0x1FC0,54,,"違うわよ
いくらなんでも、ここまで
のんきじゃなかったわ",
06188.sfm,0x1FF7,60,,"違う違う！
あの子最初からこんなに
テンション高くなかったわよ",
06188.sfm,0x2034,131,,"テイルズオブエターニア The Animation
からの出題
エターニアのアニメーション第１話で、コリーナが
リッドに教えた「いいこと」ってなに？",
06188.sfm,0x20C9,18,,エッグベアの居場所,
06188.sfm,0x20DC,16,,新しい技のヒント,
06188.sfm,0x20ED,12,,ファラの行方,
06188.sfm,0x20FA,20,,クィッキーの本当の名,
06188.sfm,0x210F,16,,ズボンに開いた穴,
06188.sfm,0x2120,79,,"正解ね
ナイスタイミングでファラが
迷いこんでたわよね？
タイムリーな情報だったわ",
06188.sfm,0x2170,109,,"不正解
エックベアの干し肉はおいしいっていうけど、
本当かしら？
それより熊で卵を産むという事実に興味があるわ！",
06188.sfm,0x21DE,39,,"違うわよ
技は戦いながら学んでいくものよ",
06188.sfm,0x2206,74,,"違うわよ
ファラがいなくなったのは、
「いいこと」を教えてもらった後だったわ",
06188.sfm,0x2251,29,,"違う
クィッキーはクィッキーよ",
06188.sfm,0x226F,8,,不正解！,
06188.sfm,0x2278,119,,"テイルズオブエターニア The Animation
からの出題
第１話で木の上からリッドの上に落ちてきた
吟遊詩人はどの子だったかしら？",
06188.sfm,0x22F0,26,,そうそう、その子だったわね,
06188.sfm,0x230B,18,,その子じゃないわよ,
06188.sfm,0x2384,8,,ウィノナ,
06188.sfm,0x238D,6,,アラン,
06188.sfm,0x2394,8,,キャロル,
06188.sfm,0x239D,10,,エドワード,
06188.sfm,0x23A8,6,,クレス,
06188.sfm,0x23AF,10,,トリニクス,
06188.sfm,0x23BA,6,,正解ね,
06188.sfm,0x23C1,8,,違うわよ,
06188.sfm,0x23CA,86,,"ドラマＣＤ
「テイルズオブファンタジア　なりきりダンジョン」の
第１巻のサブタイトルは？",
06188.sfm,0x2421,8,,太陽の章,
06188.sfm,0x242A,6,,月の章,
06188.sfm,0x2431,6,,星の章,
06188.sfm,0x2438,6,,光の章,
06188.sfm,0x243F,6,,闇の章,
06188.sfm,0x2446,31,,"これは、第２巻の
サブタイトルよ",
06188.sfm,0x2466,92,,"テイルズオブエターニア The Animation
からの出題
オープニングを歌っていたのは誰だったかしら？",
06188.sfm,0x24CC,8,,倉木麻衣,
06188.sfm,0x24E6,43,,"当たり！
「抱きしめた」のところがいいわよね",
06188.sfm,0x2512,49,,"違うわよ！
リセットすればいつでも聴けるじゃない！",
06188.sfm,0x2544,45,,"違う違う！
この人達は、あんたの親の時でしょ！",
06188.sfm,0x2572,98,,"違うわよ！
エターニアのゲームのオープニングを歌っていたでしょ？
ファラの豪快な蹴りがステキだったわ",
06188.sfm,0x2639,12,,アイフリード,
06188.sfm,0x2646,6,,リッド,
06188.sfm,0x264D,8,,メルディ,
06188.sfm,0x2656,8,,ビリアル,
06188.sfm,0x265F,6,,バリル,
06188.sfm,0x2666,4,,ロナ,
06188.sfm,0x266B,6,,シゼル,
06188.sfm,0x2672,10,,違うわよ！,
06188.sfm,0x26E6,6,,キール,
06188.sfm,0x26ED,6,,ファラ,
06188.sfm,0x26F4,58,,"メルディとクィッキーの
イラストが裏表紙を
飾っていたわね。",
06188.sfm,0x272F,110,,"テイルズオブエターニアの
ゲーム本編を独自の視点で物語るドラマＣＤ
「テイルズオブエターニア」は、全何巻の構成？",
06188.sfm,0x27FE,14,,リッドのとかげ,
06188.sfm,0x280D,14,,リッドのやもり,
06188.sfm,0x281C,14,,リッドのねずみ,
06188.sfm,0x282B,14,,リッドのうさぎ,
06188.sfm,0x283A,16,,リッドのこおろぎ,
06188.sfm,0x284B,97,,"テイルズシリーズといえば
アップルグミ
でも次のうち一つだけ出てないのが
あるんだけどどれかわかる？",
06188.sfm,0x28AD,18,,なりきりダンジョン,
06188.sfm,0x28C0,12,,ファンタジア,
06188.sfm,0x28CD,12,,デスティニー,
06188.sfm,0x28DA,10,,エターニア,
06188.sfm,0x28E5,14,,デスティニー２,
06188.sfm,0x28F4,20,,なりきりダンジョン２,
06188.sfm,0x2909,35,,"ん～正解ね！！
物知りだといえるかも",
06188.sfm,0x292D,23,,"不正解！！
昔からあるわ",
06188.sfm,0x2945,41,,"ブッブ～！！
これがなかったら大変じゃない",
06188.sfm,0x296F,23,,"ハズレ！！
あるらしいわ",
06188.sfm,0x2987,33,,"ブッブ～！！
使ったことないの！？",
06188.sfm,0x29A9,30,,"残念！！
ハズレ！！
あるのよね",
06188.sfm,0x29C8,19,,"ブ～！！
時間切れ～",
06188.sfm,0x29DC,83,,"テイルズオブファンタジア
なりきりダンジョンで
メルとディオの暮らしている
家はなに？",
06188.sfm,0x2A30,14,,なりきりハウス,
06188.sfm,0x2A3F,14,,はりきりハウス,
06188.sfm,0x2A4E,14,,すりきりハウス,
06188.sfm,0x2A5D,14,,かまきりハウス,
06188.sfm,0x2A6C,14,,ぴんきりハウス,
06188.sfm,0x2A7B,14,,かんきりハウス,
06188.sfm,0x2A8A,14,,つめきりハウス,
06188.sfm,0x2A99,8,,家は無い,
06188.sfm,0x2AA2,33,,"ん～正解ね!!
そんなハウスだったわ",
06188.sfm,0x2AC4,27,,"ブッブ～!!
はりきってもねぇ",
06188.sfm,0x2AE0,25,,"ブ～!!
なんか嫌な感じだし",
06188.sfm,0x2AFA,43,,"ハズレ！！
かまきりのわけがないじゃない！！",
06188.sfm,0x2B26,23,,"ハズレ！！
ぴんきりって",
06188.sfm,0x2B3E,33,,"不正解！！
明らかにおかしいでしょ",
06188.sfm,0x2B60,31,,"ブ～！！
つめきりはないでしょう",
06188.sfm,0x2B80,40,,"ブッブ～!!
ハズレ～
家無しはまずいでしょ",
06188.sfm,0x2BA9,74,,"テイルズオブファンタジア
なりきりダンジョンで
なりきれないのは次のうち誰？",
06188.sfm,0x2BF4,10,,トリスタン,
06188.sfm,0x2BFF,6,,ミント,
06188.sfm,0x2C06,10,,チェスター,
06188.sfm,0x2C11,8,,アーチェ,
06188.sfm,0x2C1A,8,,クラース,
06188.sfm,0x2C23,4,,すず,
06188.sfm,0x2C28,8,,モリスン,
06188.sfm,0x2C31,21,,"正解!!
誰だかわかる？",
06188.sfm,0x2C47,23,,"ハズレ！！
主人公よ！？",
06188.sfm,0x2C5F,25,,"ハズレ！！
ヒロインよ！？",
06188.sfm,0x2C79,27,,"ハズレ～！！
地味目だけどね",
06188.sfm,0x2C95,41,,"ハズレ！！
ちゃんとほうきにも乗ってたわね",
06188.sfm,0x2CBF,33,,"ハズレ！！
なんか色々呼びまくりよ",
06188.sfm,0x2CE1,35,,"残念でした
にんにんって感じだったわ",
06188.sfm,0x2D05,35,,"不正解！！
まぁ気持ちはわかるけどね",
06188.sfm,0x2D29,8,,マッピー,
06188.sfm,0x2D32,8,,サンドラ,
06188.sfm,0x2D3B,6,,ダオス,
06188.sfm,0x2D42,8,,へいはち,
06188.sfm,0x2D4B,8,,かげきよ,
06188.sfm,0x2D54,12,,ながせれいこ,
06188.sfm,0x2D61,8,,バキュラ,
06188.sfm,0x2D6A,4,,ギル,
06188.sfm,0x2D6F,8,,正解ね!!,
06188.sfm,0x2D78,39,,"不正解！！
ワルキューレにもなれるのよね",
06188.sfm,0x2DA0,35,,"ハズレ!!
ちゃんとダオスになってたわ",
06188.sfm,0x2DC4,39,,"ブッブ～！！
ちゃんとムキムキしてたわよ",
06188.sfm,0x2DEC,27,,"ハズレ！！
かげきよってたわ",
06188.sfm,0x2E08,32,,"ブ～！！
不正解
なりきりまくりよ",
06188.sfm,0x2E29,33,,"残念でした
ちゃんと鉄板ぽかったわ",
06188.sfm,0x2E4B,25,,"残念でした
なってたわよ？",
06188.sfm,0x2E65,10,,バンパイア,
06188.sfm,0x2E70,8,,バグベア,
06188.sfm,0x2E79,14,,ドラゴンナイト,
06188.sfm,0x2E88,10,,バジリスク,
06188.sfm,0x2E93,10,,ダークアイ,
06188.sfm,0x2E9E,8,,しにがみ,
06188.sfm,0x2EA7,4,,かに,
06188.sfm,0x2EAC,27,,"あんたやるじゃない!!
正解!!",
06188.sfm,0x2EC8,33,,"残念でした
こんぼう持って大暴れよ",
06188.sfm,0x2EEA,35,,"ブッブ～！！
きちんとなりきってたわ",
06188.sfm,0x2F0E,66,,"ハズレ！！
なりきってると言うか食べられてる
ようにも見えたけど････",
06188.sfm,0x2F51,45,,"残念ハズレ！！
コミカルになりきりまくりよ！！",
06188.sfm,0x2F7F,21,,"ブッブ～！！
ハズレ～",
06188.sfm,0x2F95,42,,"残念ハズレ！！
かににもなってたわ
かに････",
06188.sfm,0x2FC0,39,,"残念でした
ちゃんとあたまとんがってたわ",
06188.sfm,0x2FE8,110,,"テイルズオブファンタジア なりきりダンジョンで
ＨＰを一番多く回復させる事ができる
グミはゴールドグミ
では次は？",
06188.sfm,0x3057,12,,ホワイトグミ,
06188.sfm,0x3064,12,,イエローグミ,
06188.sfm,0x3071,12,,シルバーグミ,
06188.sfm,0x307E,10,,レッドグミ,
06188.sfm,0x3089,10,,ピンクグミ,
06188.sfm,0x3094,10,,ブルーグミ,
06188.sfm,0x309F,12,,グリーングミ,
06188.sfm,0x30AC,12,,ブラックグミ,
06188.sfm,0x30B9,47,,"ホワイトグミ正解！！
いかにもそれっぽいでしょ？",
06188.sfm,0x30E9,19,,"ブ～！！
ハズレ！！",
06188.sfm,0x30FD,39,,"ハズレ！！
気持ちはわかる気もするけどね",
06188.sfm,0x3125,29,,"ハズレ！！
なんか辛そうだしね",
06188.sfm,0x3143,14,,残念ハズレ！！,
06188.sfm,0x3152,10,,不正解！！,
06188.sfm,0x315D,12,,ブッブ～！！,
06188.sfm,0x316A,60,,"不正解！！
黒いのなんて何が入ってるか
わかったもんじゃないわ",
06188.sfm,0x31A7,110,,"テイルズオブファンタジア なりきりダンジョンで
ＴＰを一番多く回復させる事ができる
グミはシルバーグミ
では次は？",
06188.sfm,0x3216,12,,ゴールドグミ,
06188.sfm,0x3223,12,,パープルグミ,
06188.sfm,0x3230,60,,"ブラックグミ正解！！
黒ってのがちょっと
あやしそうだけど････",
06188.sfm,0x326D,39,,"ハズレ！！
こっちの方が豪華そうじゃない",
06188.sfm,0x3295,23,,"不正解！！
惜しい感じね",
06188.sfm,0x32AD,85,,"テイルズオブザワールド
なりきりダンジョン２で
主人公たちの暮らしている
建物はなんだ？",
06188.sfm,0x3303,12,,レグニア教会,
06188.sfm,0x3310,8,,村長の家,
06188.sfm,0x3319,12,,ポルポル工房,
06188.sfm,0x3326,12,,アナスイ通り,
06188.sfm,0x3333,12,,レグニア通り,
06188.sfm,0x3340,6,,路地裏,
06188.sfm,0x3347,10,,大樹の神殿,
06188.sfm,0x3352,40,,"正解！！
両親をなくして
教会で育ったのよ",
06188.sfm,0x337B,38,,"不正解！！
なりきりハウスは
ちがうわね",
06188.sfm,0x33A2,33,,"不正解！！
村長の家にはいないわね",
06188.sfm,0x33C4,56,,"ブ～！！
ここはお手伝いをしているだけね
住んではいないわ",
06188.sfm,0x33FD,31,,"ブッブ～！！
路上じゃないの！！",
06188.sfm,0x341D,27,,"ハズレ！！
路上はダメよ！！",
06188.sfm,0x3439,19,,"ハズレ！！
危険だわ",
06188.sfm,0x344D,39,,"不正解！！
でも良いところかもしれないわ",
06188.sfm,0x3475,66,,"テイルズオブザワールド
なりきりダンジョン２
主人公はフリオとだれ？",
06188.sfm,0x34B8,6,,キャロ,
06188.sfm,0x34BF,6,,チャロ,
06188.sfm,0x34C6,6,,チョロ,
06188.sfm,0x34CD,6,,キョロ,
06188.sfm,0x34D4,6,,キュロ,
06188.sfm,0x34DB,6,,チェロ,
06188.sfm,0x34E2,6,,シェロ,
06188.sfm,0x34E9,6,,シャロ,
06188.sfm,0x34F0,33,,"正解！！
フリオ君とキャロちゃんね",
06188.sfm,0x3512,15,,"ブ～！！
ハズレ",
06188.sfm,0x3522,31,,"ハズレ！！
そんな名前じゃないわ",
06188.sfm,0x3542,19,,"ハズレ！！
近いけど",
06188.sfm,0x3556,23,,"ブッブ～！！
惜しい！！",
06188.sfm,0x356E,31,,"ハズレ！！
楽器じゃないんだから",
06188.sfm,0x358E,23,,"ハズレ！！
大分ちがうわ",
06188.sfm,0x35A6,31,,"不正解！！
少し近い気もするけど",
06188.sfm,0x35C6,106,,"テイルズオブザワールド
なりきりダンジョン２の
とうぞくなどになりきると使える
敵にあいにくくなる特技はなに?",
06188.sfm,0x3631,10,,かくれみの,
06188.sfm,0x363C,10,,しのびあし,
06188.sfm,0x3647,8,,ぬきあし,
06188.sfm,0x3650,10,,けむりだま,
06188.sfm,0x365B,41,,"正解！！
かくれて見つかりにくくなるのよね",
06188.sfm,0x3685,50,,"ブッブ～！！
しのんでも見つからないとは
思うけどね",
06188.sfm,0x36B8,52,,"ハズレ！！
ぬきあしさしあししのびあし
って言うけどね",
06188.sfm,0x36ED,35,,"ブ～！！
それは逃げるときじゃないの",
06188.sfm,0x3711,115,,"テイルズオブザワールド
なりきりダンジョン２で
主人公達のくらす街、レグニア
美人に弱い道具屋のおじさんの名前はなに？",
06188.sfm,0x3785,10,,フンダクル,
06188.sfm,0x3790,10,,ボッタクル,
06188.sfm,0x379B,10,,フンジバル,
06188.sfm,0x37A6,10,,ヒッタクル,
06188.sfm,0x37B1,29,,"正解！！
メガネのヒゲおやじね",
06188.sfm,0x37CF,35,,"ブッブ～！！
ぼったくりはごめんだわ",
06188.sfm,0x37F3,33,,"ブ～！！
おいはぎじゃないんだから",
06188.sfm,0x3815,33,,"ハズレ！！
ひったくっちゃまずいわ",
06188.sfm,0x3837,82,,"テイルズオブザワールド
なりきりダンジョン２で
主人公フリオが働く工房の親方はだれ？",
06188.sfm,0x388A,8,,ポルポル,
06188.sfm,0x3893,8,,パルパル,
06188.sfm,0x389C,8,,ホルホル,
06188.sfm,0x38A5,8,,グルグル,
06188.sfm,0x38AE,8,,プルプル,
06188.sfm,0x38B7,8,,ペルペル,
06188.sfm,0x38C0,8,,テルテル,
06188.sfm,0x38C9,8,,ダルダル,
06188.sfm,0x38D2,37,,"正解！！
ポルポル工房のポルポルさんよ",
06188.sfm,0x38F8,54,,"ブッブ～！！
パルパルなんてかわいげな
名前じゃぁないわ",
06188.sfm,0x392F,33,,"不正解！！
惜しい感じもするけれど",
06188.sfm,0x3951,29,,"ブッブ～！！
回ってどうするの",
06188.sfm,0x396F,31,,"ブ～！！
ゼリーじゃないんだから",
06188.sfm,0x398F,29,,"ブッブ～！！
なんか犬っぽいし",
06188.sfm,0x39AD,31,,"ハズレ！！
テルテル坊主じゃない",
06188.sfm,0x39CD,29,,"ハズレ！！
やる気なさそうだし",
06188.sfm,0x39EB,99,,"テイルズオブザワールド
なりきりダンジョン２で
カフェベックにいるシェフベックが
目指しているものは？",
06188.sfm,0x3A4F,14,,ワンダーシェフ,
06188.sfm,0x3A5E,14,,あじしょうぐん,
06188.sfm,0x3A6D,20,,ねこ好きのおじいさん,
06188.sfm,0x3A82,14,,しあわせな家庭,
06188.sfm,0x3A91,39,,"正解！！
ワンダーなシェフになりたいのよ",
06188.sfm,0x3AB9,31,,"ブッブ～！！
あじしょうぐんって",
06188.sfm,0x3AD9,50,,"ブ～！！
ひそかになりたがってるかも
しれないけどね",
06188.sfm,0x3B0C,43,,"不正解！！
まぁ目指しているかもしれないけど",
06188.sfm,0x3B38,59,,"レグニアの平和を守る三騎士
レオニス、メンデル、あと一人は？",
06188.sfm,0x3B74,8,,グライド,
06188.sfm,0x3B7D,8,,ダライド,
06188.sfm,0x3B86,8,,グランド,
06188.sfm,0x3B8F,8,,グレイド,
06188.sfm,0x3B98,8,,グワイド,
06188.sfm,0x3BA1,8,,ブライド,
06188.sfm,0x3BAA,8,,ブランド,
06188.sfm,0x3BB3,8,,ダランド,
06188.sfm,0x3BBC,37,,"正解！！
よく選びまちがえなかったわね",
06188.sfm,0x3BE2,25,,"ブブ～！！
ひっかかった？",
06188.sfm,0x3BFC,29,,"ブ～！！
どれも近いんだけどね",
06188.sfm,0x3C1A,27,,"ハズレ！！
ひびきは近いかも",
06188.sfm,0x3C36,31,,"ハズレ！！
発音しにくいじゃない",
06188.sfm,0x3C56,27,,"ブ～！！
一画たりてない！！",
06188.sfm,0x3C72,43,,"ブッブ～！！
この中では大分はなれてるほうよ",
06188.sfm,0x3C9E,23,,ハズレ！！n結構ちがうわ,
06188.sfm,0x3CB6,47,,"サービス問題よ
この中で一番プリティなのはだれ？",
06188.sfm,0x3CF6,29,,"正解！！
わかってるじゃないの",
06188.sfm,0x3D14,27,,"ブ～！！
すなおになりなさい",
06188.sfm,0x3D30,21,,"ブッブ～！！
ハズレね",
06188.sfm,0x3D46,27,,"ブブブ～！！
ちがうでしょ？",
06188.sfm,0x3D62,29,,"ブ～！！
なんでまちがえるの？",
06188.sfm,0x3D80,33,,"ブッブ～！！
わかってるんでしょ？",
06188.sfm,0x3DA2,21,,"ブブブ～！！
ハズレよ",
06188.sfm,0x3DB8,25,,"ブブ～！！
かんたんなのに",
06188.sfm,0x3DD2,33,,"この中で一番大きいのは誰？
身長ね",
06188.sfm,0x3E04,35,,"正解！！
一番大きいのはウッドロウね",
06188.sfm,0x3E28,33,,"ブブ～！！
クレスは下から２番目ね",
06188.sfm,0x3E4A,31,,"ハズレ！！
まんなかくらいでした",
06188.sfm,0x3E6A,41,,"ブブ～！！
いい線いってるけど第３位でした",
06188.sfm,0x3E94,39,,"ハズレ！！
そんなに大きな方ではないわね",
06188.sfm,0x3EBC,47,,"ブッブ～！！
下から数えた方が早いくらいの位置よ",
06188.sfm,0x3EEC,32,,"ブ～！！
惜しい！！
次席だったわ",
06188.sfm,0x3F0D,49,,"ハズレ！！
あら、この中だと<Kyle>が
一番小さいのね",
06188.sfm,0x3F3F,101,,"テイルズオブザワールド
なりきりダンジョン２
商人の特技「ちくざい」は
歩くごとに何ガルドのお金が入る？",
06188.sfm,0x3FA5,10,,３０ガルド,
06188.sfm,0x3FB0,12,,１００ガルド,
06188.sfm,0x3FBD,10,,６０ガルド,
06188.sfm,0x3FC8,10,,１０ガルド,
06188.sfm,0x3FD3,56,,"正解ね！！
歩いただけでお金が手に入るなら
世の中楽よねぇ",
06188.sfm,0x400C,39,,"ブブ～！！
世の中そんなに甘くはないのよ",
06188.sfm,0x4034,33,,"ハズレ～！！
ちょっともらいすぎね",
06188.sfm,0x4056,37,,"ブ～！！
もう少しくれても良いと思うわ",
06188.sfm,0x407C,103,,"テイルズオブザワールド
なりきりダンジョン２
世界中を守る三女神の内の一人
やさしそうなお姉さんの名前は？",
06188.sfm,0x40E4,6,,エイダ,
06188.sfm,0x40EB,6,,エビダ,
06188.sfm,0x40F2,6,,エンダ,
06188.sfm,0x40F9,6,,エムダ,
06188.sfm,0x4100,6,,エリダ,
06188.sfm,0x4107,6,,エルダ,
06188.sfm,0x410E,6,,エウダ,
06188.sfm,0x4115,6,,エスダ,
06188.sfm,0x411C,50,,"正解ね！！
エイダとステラと
････あとはだれだっけ？",
06188.sfm,0x414F,27,,"ブブ～！！
エビじゃないのよ",
06188.sfm,0x416B,29,,"ブ～！！
ちょっと言いにくいし",
06188.sfm,0x4189,25,,"ハズレ！！
言いにくいわよ",
06188.sfm,0x41A3,33,,"ハズレ！！
ありそうな気もするけど",
06188.sfm,0x41C5,19,,"ブブブ！！
ハズレね",
06188.sfm,0x41D9,27,,"ブ～！！
エウダじゃないわね",
06188.sfm,0x41F5,10,,ブブ～！！,
06188.sfm,0x4200,89,,"テイルズオブザワールド
なりきりダンジョン２で
主人公たちが女神から
さずかったちからは何？",
06188.sfm,0x425A,16,,なりきれるちから,
06188.sfm,0x426B,16,,はりきれるちから,
06188.sfm,0x427C,16,,はちきれるちから,
06188.sfm,0x428D,16,,のりきれるちから,
06188.sfm,0x429E,16,,かみきれるちから,
06188.sfm,0x42AF,16,,ねじきれるちから,
06188.sfm,0x42C0,16,,うりきれるちから,
06188.sfm,0x42D1,16,,やりきれるちから,
06188.sfm,0x42E2,33,,"正解ね！！
って間違えようがないか",
06188.sfm,0x4304,45,,"不正解！！
はりきることも大事ではあるけれども",
06188.sfm,0x4332,31,,"ブッブ～！！
はちきれないで！！",
06188.sfm,0x4352,48,,"ブ～！！
他人にたよらず自分で
のりきらないと！！",
06188.sfm,0x4383,60,,"ブ～！！
こんなちからあたえてくれる
女神っていたら嫌じゃない",
06188.sfm,0x43C0,44,,"ハズレ！！
ねじきったりの意味が
わからないし",
06188.sfm,0x43ED,54,,"ブブ～！！
うりきれるちからが欲しい人も
いるだろうけど",
06188.sfm,0x4424,33,,"ブッブ～！！
やりきるのは自分でね",
06188.sfm,0x4446,74,,"テイルズオブザワールド
なりきりダンジョン２で
友達と交換ができるのはどれ？",
06188.sfm,0x4491,4,,ふく,
06188.sfm,0x4496,10,,ゆうじょう,
06188.sfm,0x44A1,6,,めいし,
06188.sfm,0x44A8,12,,キャラクター,
06188.sfm,0x44B5,58,,"正解！！
でもなんであたしはこんなこと
知ってるのかしら････",
06188.sfm,0x44F0,39,,"ブブ～！！
交換するようなものじゃないし",
06188.sfm,0x4518,27,,"不正解！！
関係ないじゃない",
06188.sfm,0x4534,21,,"ハズレ！！
惜しいけど",
06188.sfm,0x454A,101,,"テイルズオブザワールド
なりきりダンジョン２で
ドクター系の服、おとこのこはドクター
ではおんなのこは？",
06188.sfm,0x45B0,6,,ナース,
06188.sfm,0x45B7,4,,ナス,
06188.sfm,0x45BC,8,,ドクター,
06188.sfm,0x45C5,4,,ない,
06188.sfm,0x45CA,21,,"正解！！
看護するのよ",
06188.sfm,0x45E0,23,,"ハズレ！！
ナスって････",
06188.sfm,0x45F8,64,,"ハズレ！！
ちがうと思わせといて実はドクター
なんてことはないわよ",
06188.sfm,0x4639,17,,"ブブ～！！
あるわ",
06188.sfm,0x464B,28,,次のうち髪の毛がないのは誰？,
06188.sfm,0x4668,10,,コングマン,
06188.sfm,0x4673,8,,ジョニー,
06188.sfm,0x467C,8,,フォッグ,
06188.sfm,0x4691,48,,"正解！！
でも実はそってるだけかも
しれないけどね",
06188.sfm,0x46C2,29,,"ブブ～！！
ちゃんとはえてるわ",
06188.sfm,0x46E0,25,,"ブッブ～！！
怒られるわよ",
06188.sfm,0x46FA,21,,"ハズレ！！
ふさふさよ",
06188.sfm,0x4710,33,,"ハズレ！！
まだしっかりはえてるわ",
06188.sfm,0x4732,85,,"不正解！！
････だとおもうわ
もしかしたら仮面の下は、なんてことも
あるかもしれないけど",
06188.sfm,0x4788,21,,"ハズレ！！
つんつんよ",
06188.sfm,0x479E,19,,"ブブ～！！
ハズレよ",
06188.sfm,0x47B2,54,,"文字通り世界をまたにかけて
現れる謎の三人組
なんの翼？",
06188.sfm,0x47E9,8,,漆黒の翼,
06188.sfm,0x47F2,8,,闇黒の翼,
06188.sfm,0x47FB,8,,疾風の翼,
06188.sfm,0x4804,8,,堕天の翼,
06188.sfm,0x480D,50,,"正解！！
あんまり漆黒って感じは
しない人達だけどね",
06188.sfm,0x4840,19,,"ハズレ！！
近いかも",
06188.sfm,0x4854,43,,"ブブ～！！
そんなすばやそうな名前じゃないわ",
06188.sfm,0x4880,31,,"ブッブ～！！
ちょっと違う感じね",
06188.sfm,0x48A0,43,,"シリーズに結構でてくるねこにん
モデルは何？",
06188.sfm,0x48CC,4,,ねこ,
06188.sfm,0x48D1,4,,いぬ,
06188.sfm,0x48D6,6,,ねずみ,
06188.sfm,0x48DD,6,,うさぎ,
06188.sfm,0x48E4,4,,しか,
06188.sfm,0x48E9,8,,いのしし,
06188.sfm,0x48F2,4,,とら,
06188.sfm,0x48F7,4,,くま,
06188.sfm,0x48FC,56,,"正解！！
というか、ねこにんがねこ以外から
だったら変よね",
06188.sfm,0x4935,35,,"ブブ～！！
いぬじゃいぬにんじゃない",
06188.sfm,0x4959,36,,"ブ～！！
ねこにんよ！？
ねこにん！！",
06188.sfm,0x497E,70,,"ブッブ～！
でも、そういえば、うさにんって
いうのもいた気がするわね････",
06188.sfm,0x49C5,19,,"ブブ～！！
しかって",
06188.sfm,0x49D9,63,,"ブッブ～！！
いのししはいのにん？
いのししにん？
とにかく違うわ",
06188.sfm,0x4A19,43,,"ハズレ！！
とらもあるいみねこ科ではあるけど",
06188.sfm,0x4A45,27,,"ハズレ！！
くまはくまにんよ",
06188.sfm,0x4A61,87,,"テイルズオブファンダムＶＯＬ.１の
カオベンチャーの主人公達
アミィ、リリスとあと一人は？",
06188.sfm,0x4AB9,8,,プリムラ,
06188.sfm,0x4AC2,8,,ムラムラ,
06188.sfm,0x4ACB,8,,ヌリムラ,
06188.sfm,0x4AD4,8,,プニムラ,
06188.sfm,0x4ADD,23,,"正解！
プリムラちゃんね",
06188.sfm,0x4AF5,40,,"ブッブ～！
ムラムラって････
それはないわ",
06188.sfm,0x4B3A,44,,"ブッブッブ～！
柔らかそうだけど
なにか違うわ",
06188.sfm,0x4B67,17,,"ブ～！
時間切れ～",
06188.sfm,0x4B79,80,,"テイルズオブファンダムＶＯＬ.１の
遊べるのはカオベンチャー
カオドラ
あと一つは？",
06188.sfm,0x4BCA,14,,クレーメルラボ,
06188.sfm,0x4BD9,14,,クレーメルボラ,
06188.sfm,0x4BE8,14,,クルーメルラボ,
06188.sfm,0x4BF7,14,,クレーメルラブ,
06188.sfm,0x4C06,14,,クーレメルラボ,
06188.sfm,0x4C15,14,,クメーレルラボ,
06188.sfm,0x4C24,14,,クルーメレラボ,
06188.sfm,0x4C33,14,,クレーメルウボ,
06188.sfm,0x4C42,77,,"正解！
････なんでこんな事しってるのか
謎だわ
あたしが天才科学者だからかしら？",
06188.sfm,0x4C90,24,,"ハズレ！
惜しい！
ボラ！",
06188.sfm,0x4CA9,33,,"ハズレ！
まぎらわしいけど違うのよ",
06188.sfm,0x4CCB,25,,"ブブ～！
ラブじゃないのよ",
06188.sfm,0x4CE5,31,,"ブッブ～、不正解！
よく見てみて",
06188.sfm,0x4D05,35,,"ハズレね！
クメーレルラボじゃないわ",
06188.sfm,0x4D29,41,,"ブ～！
どこが違うかは････自分で考えなさい",
06188.sfm,0x4D53,17,,"ブッブ～！
ウボ!!",
06188.sfm,0x4D65,64,,"テイルズオブファンダムＶＯＬ.１で
リリスが主役のシナリオはどれ？",
06188.sfm,0x4DA6,20,,リリスがんばります！,
06188.sfm,0x4DBB,12,,リリスの冒険,
06188.sfm,0x4DC8,12,,リリスの伝説,
06188.sfm,0x4DD5,20,,リリスと愉快な仲間達,
06188.sfm,0x4DEA,12,,リリス繁盛記,
06188.sfm,0x4DF7,12,,リリスの青春,
06188.sfm,0x4E04,14,,リリスの恩返し,
06188.sfm,0x4E13,16,,リリスいきます！,
06188.sfm,0x4E24,21,,"正解！
がんばるのよね",
06188.sfm,0x4E3A,25,,"ハズレ！
冒険じゃないわね",
06188.sfm,0x4E54,29,,"ブブ～！
伝説にはなってないわ",
06188.sfm,0x4E72,63,,"ブ～！
愉快な仲間達って感じも
しないではないわねぇ
でもちがうわ",
06188.sfm,0x4EB2,56,,"ハズレ！
リリスがお店を開いたりとかって
はなしではないわ",
06188.sfm,0x4EEB,31,,"ブッブ～！
青春ものじゃないわね",
06188.sfm,0x4F0B,50,,"ハズレ！
恩返しに近い話ではあるかも
しれないわねぇ",
06188.sfm,0x4F3E,38,,"不正解！
感じはにてるけどね
ちがうわよ",
06188.sfm,0x4F65,70,,"テイルズオブファンダムＶＯＬ.１で
リリスと旅に出るソーディアンはだれ？",
06188.sfm,0x4FAC,10,,ディムロス,
06188.sfm,0x4FB7,10,,アトワイト,
06188.sfm,0x4FC2,10,,クレメンテ,
06188.sfm,0x4FCD,12,,イクティノス,
06188.sfm,0x4FDA,35,,"正解よ！
楽しい道行きになりそうよね",
06188.sfm,0x4FFE,29,,"ハズレ！
アトワイトじゃないわ",
06188.sfm,0x501C,27,,"ブブ～！
残念ながら違うわね",
06188.sfm,0x5038,15,,"残念！
ハズレ！",
06188.sfm,0x5048,107,,"テイルズオブファンダムＶＯＬ.１で
カオベンチャーシナリオ、晶霊探偵！で
キールが捕まってしまったのはなんで？",
06188.sfm,0x50C1,6,,のぞき,
06188.sfm,0x50CD,10,,時計塔爆破,
06188.sfm,0x50D8,50,,"正解！
まぁ本人はやってないって
言ってるんだけどね",
06188.sfm,0x510B,60,,"ハズレ！
これじゃないわね
見つかってないだけかもしれないけど",
06188.sfm,0x5148,50,,"ブッブ～！
盗みを働くほど
素早そうには見えないわね",
06188.sfm,0x517B,35,,"ハズレ！
これは違う人が犯人の事件ね",
06188.sfm,0x5205,20,,メモリーカードケース,
06188.sfm,0x521A,20,,ＣＤ－ＲＯＭのケース,
06188.sfm,0x522F,8,,Ｔシャツ,
06188.sfm,0x5238,20,,携帯電話用ストラップ,
06188.sfm,0x524D,8,,ポスター,
06188.sfm,0x5256,103,,"本の形を模したデザインの
メモリーカードケースだったわ
緑地に金色で装飾が施されていて
なかなか素敵なのよ",
06188.sfm,0x52BE,10,,ハズレよ！,
06188.sfm,0x52C9,103,,"プレイステーション版
テイルズオブファンタジアの
アイテム「ピンナップマグ」は
ＳＦＣ版ではなんていった？",
06188.sfm,0x5331,10,,スケベほん,
06188.sfm,0x533C,12,,おとなのほん,
06188.sfm,0x5349,14,,グラビアざっし,
06188.sfm,0x5358,16,,ガールフラグメン,
06188.sfm,0x5369,18,,マンガたんこうぼん,
06188.sfm,0x537C,76,,"<Kyle>、こういうのは
大人になってから
見なさいね････と
一応言っとくわね、一応",
06188.sfm,0x53C9,119,,"クラースが装備する本の中の１つ
「Ｎ・Ｇ」の名前は、ナムコの
無料配布情報誌の旧名称が由来
では、この情報誌の今の名称は？",
06188.sfm,0x5441,10,,ＮＯＵＲＳ,
06188.sfm,0x5457,10,,ＮＯＥＲＳ,
06188.sfm,0x5462,10,,ＮＯＩＲＳ,
06188.sfm,0x546D,10,,ＮＯＡＲＳ,
06188.sfm,0x5478,81,,"「ノワーズ」と読むのよ
ナムコが経営する
ゲームセンター等の施設や
お店で手に入るわ",
06188.sfm,0x54CA,84,,"ＳＦＣ版テイルズオブファンタジアの
ドットキャラのクレスのマントは
何色だったかしら？",
06188.sfm,0x551F,4,,黄色,
06188.sfm,0x5524,4,,正解,
06188.sfm,0x5529,6,,ハズレ,
06188.sfm,0x555E,4,,遊び,
06188.sfm,0x5563,4,,ユメ,
06188.sfm,0x5568,4,,希望,
06188.sfm,0x556D,4,,平和,
06188.sfm,0x5572,4,,人間,
06188.sfm,0x5577,18,,何かあやしぃわねぇ,
06188.sfm,0x558A,20,,ヒントは解説書の裏★,
06188.sfm,0x559F,65,,"このゲームの仕様及び操作について
答えてくれるのは何というところ？",
06188.sfm,0x55E1,12,,ナムコット係,
06188.sfm,0x55EE,12,,ナムケット係,
06188.sfm,0x55FB,14,,ナムコクラブ係,
06188.sfm,0x560A,14,,ナムコモード係,
06188.sfm,0x5619,52,,"正解ね！
攻略方法については
一切お答えしておりません",
06188.sfm,0x564E,72,,"故障についての相談は
お買い求めのお店、もしくは
どこのサービスセンター？",
06188.sfm,0x56B4,28,,ナムコ・関西サービスセンター,
06188.sfm,0x570B,28,,ナムコ・四国サービスセンター,
06188.sfm,0x5728,28,,ナムコ・東北サービスセンター,
06188.sfm,0x5745,30,,ナムコ・北海道サービスセンター,
06188.sfm,0x5764,6,,正解！,
06188.sfm,0x576B,6,,**問題,
06188.sfm,0x5772,6,,**正解,
06188.sfm,0x5779,10,,**正解です,
06189.sfm,0x3984,15,,**間違い1,
06189.sfm,0x3994,15,,**間違い2,
06189.sfm,0x39A4,15,,**間違い3,
06189.sfm,0x39B4,15,,**間違い4,
06189.sfm,0x39C4,15,,**間違い5,
06189.sfm,0x39D4,15,,**間違い6,
06189.sfm,0x39E4,31,,**間違い7,
06189.sfm,0x3A04,15,,**間違いです1,
06189.sfm,0x3A14,15,,**間違いです2,
06189.sfm,0x3A24,15,,**間違いです3,
06189.sfm,0x3A34,15,,**間違いです4,
06189.sfm,0x3A44,15,,**間違いです5,
06189.sfm,0x3A54,15,,**間違いです6,
06189.sfm,0x3A64,15,,**間違いです7,
06189.sfm,0x3A7A,16,,「正解！」を選べ,
06189.sfm,0x3A8B,6,,正解！,
06189.sfm,0x3A92,10,,まちがい１,
06189.sfm,0x3A9D,10,,まちがい２,
06189.sfm,0x3AA8,10,,まちがい３,
06189.sfm,0x3AB3,10,,正解！です,
06189.sfm,0x3ABE,14,,まちがい１です,
06189.sfm,0x3ACD,14,,まちがい２です,
06189.sfm,0x3ADC,14,,まちがい３です,
06189.sfm,0x3AEB,12,,時間切れだね,
06189.sfm,0x3B49,18,,エンシェントノヴァ,
06189.sfm,0x3B5C,16,,バーンストライク,
06189.sfm,0x3B6D,18,,エクセキューション,
06189.sfm,0x3B80,18,,ディバインセイバー,
06189.sfm,0x3B93,8,,違うよ！,
06189.sfm,0x3B9C,36,,"<Harold>の決めゼリフで正しいのは
どれ？",
06189.sfm,0x3BC1,24,,んん！　はしゃぎすぎ！？,
06189.sfm,0x3BDA,22,,んん！　あそびすぎ！？,
06189.sfm,0x3BF1,26,,んん！　じょうもんスギ！？,
06189.sfm,0x3C0C,22,,んん！　ハマりすぎ！？,
06189.sfm,0x3C23,49,,"飛行竜でガープが置いていった
モンスターの名前は？",
06189.sfm,0x3C55,16,,グラシャラボラス,
06189.sfm,0x3C66,14,,グラシャラボス,
06189.sfm,0x3C75,10,,グリフォン,
06189.sfm,0x3C80,14,,スカルドラゴン,
06189.sfm,0x3C8F,47,,"飛行竜にあった制御装置の数は
いくつだったっけ？",
06189.sfm,0x3CBF,4,,四基,
06189.sfm,0x3CC4,4,,五基,
06189.sfm,0x3CC9,4,,三基,
06189.sfm,0x3CCE,4,,二基,
06189.sfm,0x3CD3,6,,三十基,
06189.sfm,0x3CDA,16,,一万とんで五百基,
06189.sfm,0x3CEB,23,,"正解！
よく覚えてるなあ",
06189.sfm,0x3D03,12,,残念、違うよ,
06189.sfm,0x3D10,22,,そんなにあったっけー？,
06189.sfm,0x3D27,24,,いくら何でも多すぎだろ！,
06189.sfm,0x3D40,18,,残念、時間切れだね,
06189.sfm,0x3D53,32,,スパイラルケイブで戦った巨人は？,
06189.sfm,0x3D74,10,,ハルファス,
06189.sfm,0x3D7F,10,,バルバトス,
06189.sfm,0x3D8A,6,,ガープ,
06189.sfm,0x3D91,6,,ブエル,
06189.sfm,0x3D98,68,,"カタコンベで、エルレインに
会おうとするオレたちの
邪魔をしたのは誰？",
06189.sfm,0x3DDD,12,,ダンタリオン,
06189.sfm,0x3DEA,12,,フォルトゥナ,
06189.sfm,0x3DF7,98,,"戦闘中に<Loni>が「あの世にいきな！」って
言うことがあるけど
それが失敗した時
オレが言うツッコミは？",
06189.sfm,0x3E5A,20,,お前がいってどーする,
06189.sfm,0x3E6F,10,,オレかよっ,
06189.sfm,0x3E7A,6,,はぁ？,
06189.sfm,0x3E81,14,,勝手にいってろ,
06189.sfm,0x3E90,35,,"正解！
まったく見ててヒヤヒヤするよ",
06189.sfm,0x3EB4,16,,オレかよ････って,
06189.sfm,0x3EC5,42,,"それは<Judas>の
戦闘終了時にツッコム言葉だね",
06189.sfm,0x3EF0,28,,オレってそんなに冷たいかな？,
06189.sfm,0x3F0D,42,,"<Loni>が晶術詠唱中
敵が近づくと叫ぶ言葉は？",
06189.sfm,0x3F38,20,,今こっちくんなって！,
06189.sfm,0x3F4D,16,,取り込み中だっ！,
06189.sfm,0x3F5E,20,,邪魔するんじゃねーよ,
06189.sfm,0x3F73,18,,うわー、くるなって,
06189.sfm,0x3F86,48,,"同じ特技を三連続で出すと
<Judas>に言われる言葉は？",
06189.sfm,0x3FCC,16,,ＴＰの無駄使いだ,
06189.sfm,0x3FDD,8,,････フッ,
06189.sfm,0x3FE6,16,,頭を少しは使え！,
06189.sfm,0x3FF7,67,,"チーズケーキを食べるとHP小回復以外に
どういういいことがあったっけ？",
06189.sfm,0x403B,12,,戦闘不能回復,
06189.sfm,0x4048,8,,水属性＋,
06189.sfm,0x4051,8,,衰弱耐性,
06189.sfm,0x405A,8,,TP小回復,
06189.sfm,0x40A4,36,,甘いものは確かに元気は出るんだけどね,
06189.sfm,0x40C9,8,,惜しい！,
06189.sfm,0x40D2,47,,"効果を考えないで食べてたの？
食いしん坊だなぁ！",
06189.sfm,0x4102,67,,"オレ達がダイクロフトへ行くのを邪魔した
エルレインの部下は誰だっけ？",
06189.sfm,0x4146,10,,サブノック,
06189.sfm,0x417D,42,,まあ、そいつにも邪魔されたことあったけどね,
06189.sfm,0x41A8,30,,アイツは邪魔どころじゃないよ！,
06189.sfm,0x41C7,16,,惜しいけど違うよ,
06189.sfm,0x41D8,43,,"時間切れー
なかなか手ごわいヤツだったよなー",
06189.sfm,0x4204,51,,"ソーディアンの一人
ディムロスさんの階級は何だっけ？",
06189.sfm,0x4238,4,,中将,
06189.sfm,0x423D,4,,大佐,
06189.sfm,0x4242,4,,少尉,
06189.sfm,0x4247,4,,将軍,
06189.sfm,0x424C,6,,三等兵,
06189.sfm,0x4253,68,,"正解！
部下に優しい、理想の上官って感じだよな！
くぅー！カッコイー！",
06189.sfm,0x4298,24,,うーん、惜しいけど違うよ,
06189.sfm,0x42B1,32,,な、何だかすっごい偉そうな感じ･･,
06189.sfm,0x42D7,45,,"時間切れー
本当はオレも違いがよくわかんないや",
06189.sfm,0x4305,51,,"ソーディアンの一人
ディムロスさんの異名は何だっけ？",
06189.sfm,0x4339,6,,突撃兵,
06189.sfm,0x4340,6,,特攻兵,
06189.sfm,0x4347,6,,少年兵,
06189.sfm,0x434E,6,,勇猛兵,
06189.sfm,0x4355,33,,"そのとおり！
くぅー！カッコイー！",
06189.sfm,0x4377,32,,いくらなんでも少年って年じゃ････,
06189.sfm,0x4398,53,,"時間切れー
オレも英雄<Kyle>と
呼ばれる日がいつか････！",
06189.sfm,0x43CE,66,,"オレの名前「<Kyle>＝デュナミス」の
「デュナミス」ってどういう意味？",
06189.sfm,0x4411,4,,資質,
06189.sfm,0x4416,4,,価値,
06189.sfm,0x441B,4,,勇気,
06189.sfm,0x4425,51,,"あたり！
若い頃の母さんに教えてもらったんだっけ････",
06189.sfm,0x4459,37,,"惜しい！
そんな感じなんだけどなあ････",
06189.sfm,0x447F,30,,それはオレの好きな言葉の一つ！,
06189.sfm,0x449E,47,,"ちょ、ちょっと名前負けって
感じかなあ････エヘへ",
06189.sfm,0x44CE,59,,"ブーッ、時間切れ
これは孤児院や<Loni>の名前でも
あるんだよね",
06189.sfm,0x450A,60,,"アクアヴェイルの領主の家
<Loni>のことを気に入る少女の名前は？",
06189.sfm,0x4547,6,,エミリ,
06189.sfm,0x454E,6,,サリナ,
06189.sfm,0x4555,6,,コユキ,
06189.sfm,0x455C,6,,ナツミ,
06189.sfm,0x4563,92,,"イクシフォスラーの封印って何段階かあったよね
火・水・木････
あれ？もう一つあったような････？",
06189.sfm,0x45C0,4,, 翼 ,
06189.sfm,0x45C5,4,, 地 ,
06189.sfm,0x45CA,4,, 金 ,
06189.sfm,0x45CF,4,, 時 ,
06189.sfm,0x4609,28,,それっぽくはあるんだけど････,
06189.sfm,0x4626,37,,"♪月月火水木金金････って、
違うよー！",
06189.sfm,0x464C,24,,ちょっと難しかったかな？,
06189.sfm,0x4665,61,,"地上軍拠点の物資保管所の毒ガス
何分くらいなら吸っても大丈夫？",
06189.sfm,0x46A3,4,,10分,
06189.sfm,0x46A8,3,,5分,
06189.sfm,0x46AC,3,,3分,
06189.sfm,0x46B0,3,,1分,
06189.sfm,0x46B4,4,,30分,
06189.sfm,0x46B9,29,,"正解！
いやー、苦しかった････",
06189.sfm,0x46D7,38,,そんな短い時間じゃ解除キーを探せないよ,
06189.sfm,0x46FE,41,,"時間切れー
全くめんどくさい仕掛けだったよ",
06189.sfm,0x4728,46,,"最終現代のホープタウン
<Nanaly>の家にいるのは誰？",
06189.sfm,0x4757,12,,キングコック,
06189.sfm,0x4764,16,,スペシャルシェフ,
06189.sfm,0x477D,18,,ダイナマイトガール,
06189.sfm,0x4790,87,,"寒いときはやっぱりホカホカの魚鍋に限るね！
ところで次のうち魚鍋の材料じゃないのはどれ？",
06189.sfm,0x47E8,6,,銀ダラ,
06189.sfm,0x47EF,6,,マグロ,
06189.sfm,0x47F6,6,,シャケ,
06189.sfm,0x47FD,6,,イワシ,
06189.sfm,0x4804,8,,キャベツ,
06189.sfm,0x480D,49,,"正解！　まあ、
これを入れたのもおいしいんだけどさ",
06189.sfm,0x483F,25,,"はずれ
マグロ入ってたよ？",
06189.sfm,0x4859,25,,"はずれ
シャケ入ってたよ？",
06189.sfm,0x4873,25,,"はずれ
イワシ入ってたよ？",
06189.sfm,0x488D,47,,"わーい、ひっかかった！
野菜もとらなきゃダメだよ",
06189.sfm,0x48BD,78,,"オレばっかり食べてたから、
何が入ってたかなんて覚えてないって？
うっ････ゴメン",
06189.sfm,0x496D,12,,チャクラタン,
06189.sfm,0x497A,10,,カルビリア,
06189.sfm,0x4985,14,,ティルマニック,
06189.sfm,0x4994,8,,オベロン,
06189.sfm,0x499D,82,,"あたり！
研究熱心なのはいいけど、オレ達まで
サンプルにしようとするのはちょっと････",
06189.sfm,0x49F0,41,,"それはトマトの名前だよ
カルビリアトマト！",
06189.sfm,0x4A1A,68,,"それは、何だかよくわかんないけど
<Harold>の時代の野菜の名前だったかな？",
06189.sfm,0x4A5F,31,,"はずれ
それは虫の名前じゃないよ",
06189.sfm,0x4AAD,49,,"デュナミス孤児院で飼ってる
ニワトリの名前は何だ？",
06189.sfm,0x4ADF,10,,ジョバンニ,
06189.sfm,0x4AEA,12,,カンパネルラ,
06189.sfm,0x4AF7,8,,コケコケ,
06189.sfm,0x4B00,4,,ミユ,
06189.sfm,0x4B05,10,,アーノルド,
06189.sfm,0x4B10,12,,あったりー♪,
06189.sfm,0x4B1D,24,,何だか短絡的な名前だなあ,
06189.sfm,0x4B36,34,,それは飼ってるヤギの名前じゃないか,
06189.sfm,0x4B59,45,,"時間切れー
まあ、ちょっと難しい問題だったかな",
06189.sfm,0x4B87,72,,"地上軍の旗艦として使われた
「ラディスロウ」は、もともと
どんな目的の船？",
06189.sfm,0x4BD0,6,,輸送艦,
06189.sfm,0x4BD7,6,,護送艦,
06189.sfm,0x4BDE,6,,強襲艇,
06189.sfm,0x4BE5,6,,空母艦,
06189.sfm,0x4BEC,53,,"戦闘用の船でもないのに
地上軍のとりでになっていたんだ",
06189.sfm,0x4C22,35,,"ほら、武器とか
積んでなかっただろ？",
06189.sfm,0x4C46,51,,"天地戦争の終戦宣言を出した
リトラーさんの肩書きは？",
06189.sfm,0x4C7A,12,,地上軍総司令,
06189.sfm,0x4C87,12,,地上軍審査官,
06189.sfm,0x4C94,10,,地上軍長官,
06189.sfm,0x4C9F,18,,地上軍総指揮総監督,
06189.sfm,0x4CB2,33,,"つまりは
一番えらい人ってわけだね",
06189.sfm,0x4CE5,25,,<Nanaly>が戦闘中に使うのは？,
06189.sfm,0x4CFF,4,, 弓 ,
06189.sfm,0x4D04,6,,関節技,
06189.sfm,0x4D0B,4,, 剣 ,
06189.sfm,0x4D10,4,, 杖 ,
06189.sfm,0x4D15,76,,"弓の腕は確かだし、晶術も使える
まさに中距離戦のエキスパート！
頼りになるなぁ",
06189.sfm,0x4D62,48,,"すごく強力なんだけど
それは<Loni>にしか使わないよ",
06189.sfm,0x4D93,20,,これくらいわかってよ,
06189.sfm,0x4DA8,27,,<Harold>がいるのはいつの時代？,
06189.sfm,0x4DC4,12,,天地戦争時代,
06189.sfm,0x4DD1,4,,現代,
06189.sfm,0x4DD6,4,,未来,
06189.sfm,0x4DDB,14,,改変された現代,
06189.sfm,0x4DEA,59,,"なんと、ソーディアンを造った
ベルセリオス博士だったなんて！",
06189.sfm,0x4E26,37,,"それは<Reala>と
<Nanaly>が本来いる時代だよ",
06189.sfm,0x4E4C,33,,"父さんが出会った
ソーディアンは？",
06189.sfm,0x4E6E,10,,ディムロス,
06189.sfm,0x4E79,10,,アトワイト,
06189.sfm,0x4E84,12,,ベルセリオス,
06189.sfm,0x4E91,10,,ミクトラン,
06189.sfm,0x4E9C,30,,俺もソーディアンを使ってみたい,
06189.sfm,0x4EBB,30,,それは母さんのソーディアンだよ,
06189.sfm,0x4EDA,72,,"クレスタの噴水に、コインを投げ
入れると、何がうまくいくと言わ
れている？",
06189.sfm,0x4F23,4,,恋愛,
06189.sfm,0x4F28,4,,金運,
06189.sfm,0x4F32,4,,学業,
06189.sfm,0x4F37,30,,"<Loni>は
さんざんやったみたいだ",
06189.sfm,0x4F56,12,,オレは････？,
06189.sfm,0x4F63,8,,寝ぼすけ,
06189.sfm,0x4F6C,8,,神の化身,
06189.sfm,0x4F75,6,,リオン,
06189.sfm,0x4F7C,18,,ソーディアン開発者,
06189.sfm,0x4F8F,47,,"そのうち、すぐに「英雄」
と呼ばれるようになるさ",
06189.sfm,0x4FBF,21,,それは<Reala>のことだよ,
06189.sfm,0x4FD5,21,,それは<Judas>のことだよ,
06189.sfm,0x4FEB,21,,それは<Harold>のことだよ,
06189.sfm,0x5001,74,,"ハイデルベルグの武器屋に
オーダーメイドの際に探してくるよう
頼まれた物は？",
06189.sfm,0x504C,12,,ベルセリウム,
06189.sfm,0x5059,8,,奇跡の石,
06189.sfm,0x5062,12,,ダークボトル,
06189.sfm,0x506F,14,,ブラックダイア,
06189.sfm,0x507E,37,,"めったに手に入らない
貴重な鉱石なんだ",
06189.sfm,0x50A4,55,,"ハイデルベルグ城の玉座の後ろの
部屋にあるのは、何の山？",
06189.sfm,0x50DC,6,,レンズ,
06189.sfm,0x50E3,4,,ゴミ,
06189.sfm,0x50EF,66,,"ファンダリアのレンズを
かき集めたらすごい量の
レンズが集まったんだ",
06189.sfm,0x5132,35,,"ウッドロウさんは
そんな人じゃないよ",
06189.sfm,0x5156,20,,ずいぶん汚いお城だね,
06189.sfm,0x516B,33,,"これなら俺にも
分けてくれないかな",
06189.sfm,0x518D,59,,"ホープタウンで<Nanaly>が
うれしいことがある
たびにする行動は？",
06189.sfm,0x51C9,6,,墓参り,
06189.sfm,0x51D0,15,,<Loni>への関節技,
06189.sfm,0x51E0,10,,三三七拍子,
06189.sfm,0x51EB,6,,手料理,
06189.sfm,0x51F2,26,,弟さんのお墓なんだって････,
06189.sfm,0x520D,51,,"トラッシュマウンテン
もとをただせば天上人の「何」？",
06189.sfm,0x5241,8,,秘密兵器,
06189.sfm,0x524A,4,,戦艦,
06189.sfm,0x524F,4,, 夢 ,
06189.sfm,0x5254,22,,ずいぶん迷惑な話だよな,
06189.sfm,0x526B,88,,"<Reala>が一人でエルレインの
元へ向かったときに、
俺たちが追いつこうとして
使った乗り物は？",
06189.sfm,0x52C4,16,,イクシフォスラー,
06189.sfm,0x52D5,6,,飛行竜,
06189.sfm,0x52DC,16,,瞬間物質輸送装置,
06189.sfm,0x52F8,49,,"なんで<Judas>は
この飛行艇のことを
しっていたんだろ",
06189.sfm,0x532A,41,,"イクシフォスラーは
どこに封印されていた？",
06189.sfm,0x5354,14,,地上軍拠点跡地,
06189.sfm,0x5363,10,,ラグナ遺跡,
06189.sfm,0x536E,14,,オベロン社廃坑,
06189.sfm,0x537D,12,,ラディスロウ,
06189.sfm,0x538A,43,,"何重もの封印によって
まもられていたんだよね",
06189.sfm,0x53B6,41,,"飛行竜とイクシフォスラー
早いのはどっち？",
06189.sfm,0x53E0,4,,同じ,
06189.sfm,0x53E5,8,,ロケット,
06189.sfm,0x53EE,22,,問題ちゃんと読んでた？,
06189.sfm,0x5405,47,,"飛行竜の制御装置を壊すために
使ったアイテムは？",
06189.sfm,0x5435,18,,ソーサラースコープ,
06189.sfm,0x5448,16,,ソーサラーリング,
06189.sfm,0x5459,6,,ロープ,
06189.sfm,0x5460,8,,石切り機,
06189.sfm,0x5469,43,,"飛行竜の中はいろいろな
仕掛けがあったよなぁ",
06189.sfm,0x5495,47,,"地上軍拠点跡地は
いつの時代に建てられた建物か？",
06189.sfm,0x54C5,14,,神の眼の騒乱期,
06189.sfm,0x54D4,16,,コズミック・イラ,
06189.sfm,0x54E5,16,,そのまんまだよね,
06189.sfm,0x54F6,37,,"「跡地」なのに未来？
それはちがうなぁ",
06189.sfm,0x551C,8,,Ｇの種？,
06189.sfm,0x5525,43,,"ソーサラースコープはどこで作ら
れたものか？",
06189.sfm,0x5551,10,,オベロン社,
06189.sfm,0x555C,10,,地上軍拠点,
06189.sfm,0x5567,14,,ハイデルベルグ,
06189.sfm,0x5576,38,,"手に入れた時に<Judas>が
説明してくれるよ",
06189.sfm,0x559D,41,,"それは、千年前のもの
ってこと？　違うよ！",
06189.sfm,0x55C7,57,,"改変された現代では、街の人は
どこにレンズをつけているか？",
06189.sfm,0x5601,3,,頭 ,
06189.sfm,0x5605,3,,腕 ,
06189.sfm,0x5609,3,,胸 ,
06189.sfm,0x560D,4,,仮面,
06189.sfm,0x5612,51,,"常につけていないといけない
なんて、不便な世界だなぁ",
06189.sfm,0x5646,25,,"それって
<Judas>限定じゃん
",
06189.sfm,0x5660,43,,"頭にはりつけるレンズは何と呼ば
れているか？",
06189.sfm,0x568C,10,,命のレンズ,
06189.sfm,0x5697,10,,魂のレンズ,
06189.sfm,0x56A2,12,,奇跡のレンズ,
06189.sfm,0x56AF,12,,救いのレンズ,
06189.sfm,0x56BC,45,,"エルレインのせいで
これがないと動けないなんて",
06189.sfm,0x56EA,78,,"未開の森で毒草を焼き払うのに
使ったアイテムはソーサラーリングと
もう一つは何？",
06189.sfm,0x5739,12,,ガルムのキバ,
06189.sfm,0x5746,14,,バジリスクの鱗,
06189.sfm,0x5755,12,,ポムポムの種,
06189.sfm,0x5762,14,,ジョニーの楽器,
06189.sfm,0x5771,65,,"<Nanaly>の発案で大成功！
ガルムを捕まえるのは
ちょっと苦労したけどね",
06189.sfm,0x57B3,80,,"これは戦闘不能以外の状態異常と
ＨＰ、ＴＰを回復する、
すごく便利なアイテムなんだ",
06189.sfm,0x5804,57,,"改変された現代で、ハイデルベルグの
場所にある街の名前は？",
06189.sfm,0x583E,16,,黄昏都市レアルタ,
06189.sfm,0x584F,20,,蒼天都市ヴァンジェロ,
06189.sfm,0x5864,20,,紅蓮都市スペランツァ,
06189.sfm,0x5879,20,,緑葉都市シンウーチャ,
06189.sfm,0x588E,51,,"改変ざれた現代で、バルバトスは
何と敬われているか？",
06189.sfm,0x58C2,4,,英雄,
06189.sfm,0x58C7,4,,勇者,
06189.sfm,0x58CC,6,,聖騎士,
06189.sfm,0x58D3,12,,バーサーカー,
06189.sfm,0x58E0,35,,"バルバトスが英雄
あつかいなんて････",
06189.sfm,0x5904,35,,"オレたち的にはあってるけど
違うよ！",
06189.sfm,0x5928,41,,"レアルタで、忘れ去られていた
施設は何か？",
06189.sfm,0x5952,6,,図書館,
06189.sfm,0x5959,6,,医務室,
06189.sfm,0x5960,6,,闘技場,
06189.sfm,0x5967,4,,酒場,
06189.sfm,0x596C,74,,"エルレインが未来を決めて
いるから歴史を学ぶ意味を
失ってしまったんだね････",
06189.sfm,0x59B7,42,,"改変された世界を見て
<Judas>は何と例えたか？",
06189.sfm,0x59E2,4,,箱庭,
06189.sfm,0x59E7,12,,ボトルシップ,
06189.sfm,0x59FB,16,,子供の積み木遊び,
06189.sfm,0x5A0C,41,,"造られた世界
その中だけで完結している世界",
06189.sfm,0x5A36,14,,意味は近いかも,
06189.sfm,0x5A45,22,,「せまい世界」の例え？,
06189.sfm,0x5A5C,60,,"「かみのたまご」の時に<Harold>がそんなことを
言っていたみたいだ",
06189.sfm,0x5A99,49,,"エルレインが歴史を改変するため
に起こした行動は？",
06189.sfm,0x5ACB,20,,天地戦争の結果の逆転,
06189.sfm,0x5AE0,10,,船を沈める,
06189.sfm,0x5AEB,18,,ベルクラントの起動,
06189.sfm,0x5AFE,8,,彗星落下,
06189.sfm,0x5B07,53,,"結果、バルバトスやリオンを
復活させることになったんだ",
06189.sfm,0x5B3D,16,,これは海の主だよ,
06189.sfm,0x5B4E,39,,"これは世界を始めから
やりなおすためだよ",
06189.sfm,0x5B76,74,,"改変された現代で、地上とダイク
ロフトをつなぐ、聖なるほこらを
何というか？",
06189.sfm,0x5BC1,10,,光のほこら,
06189.sfm,0x5BCC,10,,雨のほこら,
06189.sfm,0x5BD7,10,,鏡のほこら,
06189.sfm,0x5BE2,12,,真実のほこら,
06189.sfm,0x5BEF,22,,もう、わすれちゃった？,
06189.sfm,0x5C06,54,,"<Judas>はエルレインの歴史
改変の行動を何と言い放ったか？",
06189.sfm,0x5C3D,8,,三文芝居,
06189.sfm,0x5C46,14,,スペースオペラ,
06189.sfm,0x5C55,4,,演舞,
06189.sfm,0x5C5A,6,,具現壁,
06189.sfm,0x5C61,47,,"フォルトゥナ神殿で言って
いたのをおぼえてない？",
06189.sfm,0x5C91,17,,ルーは<Nanaly>の何？,
06189.sfm,0x5CA3,4,, 弟 ,
06189.sfm,0x5CA8,4,,恋人,
06189.sfm,0x5CAD,4,,弟子,
06189.sfm,0x5CB2,4,,息子,
06189.sfm,0x5CB7,28,,不治の病で倒れたんだっけ････,
06189.sfm,0x5CD4,36,,"<Harold>の作った
試作ロボットの名前は？",
06189.sfm,0x5CF9,12,,ＨＲＸ－２型,
06189.sfm,0x5D06,12,,ＨＤＸ－２型,
06189.sfm,0x5D13,12,,ＨＳＸ－２型,
06189.sfm,0x5D20,12,,ＨＰＸ－２型,
06189.sfm,0x5D2D,76,,"完成していたらどんなロボットに
なっていたんだろ？
俺たちじゃ勝てないかも････",
06189.sfm,0x5D7A,54,,"あのあと<Loni>が
<Harold>にけられたんだよな
おぼえてない？",
06189.sfm,0x5DB1,60,,"<Harold>語録
「？？？は
　カオス理論をも越える」
？？？は何か？",
06189.sfm,0x5DEE,8,,女のカン,
06189.sfm,0x5DF7,8,,女のガン,
06189.sfm,0x5E00,10,,女のナミダ,
06189.sfm,0x5E0B,10,,女のイロケ,
06189.sfm,0x5E16,39,,"････「女のカン」って
何て恐ろしいんだろ",
06189.sfm,0x5E3E,42,,"<Harold>が「博士」と
呼ばれるのを嫌う理由は？",
06189.sfm,0x5E69,16,,かわいくないから,
06189.sfm,0x5E7A,14,,恥ずかしいから,
06189.sfm,0x5E89,14,,つまんないから,
06189.sfm,0x5E98,14,,イケてないから,
06189.sfm,0x5EA7,15,,<Harold>の階級は？,
06189.sfm,0x5EB7,4,,中佐,
06189.sfm,0x5EBC,35,,"そのとおり！
けっこうエライんだよね",
06189.sfm,0x5EE0,16,,残念だけど違うよ,
06189.sfm,0x5EF1,53,,"時間切れー
本当はオレも違いがよくわかんないんだけどね",
06189.sfm,0x5F27,22,,カーレルさんの階級は？,
06189.sfm,0x5F3E,18,,もっと上の階級だよ,
06189.sfm,0x5F51,24,,アトワイトさんの階級は？,
06189.sfm,0x5F6A,38,,"そのとおり！
<Harold>よりもエライんだって",
06189.sfm,0x5F91,48,,"オレたちが<Harold>の
部下として配属されたのはどこ？",
06189.sfm,0x5FC2,6,,工兵隊,
06189.sfm,0x5FC9,6,,特攻隊,
06189.sfm,0x5FD0,8,,隠密部隊,
06189.sfm,0x5FD9,6,,衛生班,
06189.sfm,0x5FE0,50,,"<Harold>と協力して
ベルクラントを止めたりしたんだよね",
06189.sfm,0x6013,29,,"ホントは
これがやりたかったな",
06189.sfm,0x6031,30,,温度変化にも耐えられるカギは？,
06189.sfm,0x6050,12,,マスターキー,
06189.sfm,0x605D,8,,セルキー,
06189.sfm,0x6066,12,,バイオチップ,
06189.sfm,0x6073,12,,ジーンチップ,
06189.sfm,0x6080,33,,"いっぱいあって
忘れちゃったかな？",
06189.sfm,0x60A2,72,,"天上軍が生まれたいきさつで
謀反を起こし、ダイクロフトを
占拠した人物は？",
06189.sfm,0x60EB,10,,エルレイン,
06189.sfm,0x60F6,26,,そんなセコイことはしないよ,
06189.sfm,0x6111,43,,"ダイクロフトの下部にある兵器を
なんという？",
06189.sfm,0x613D,12,,ベルクラント,
06189.sfm,0x614A,6,,神の眼,
06189.sfm,0x6151,37,,"もともとは兵器じゃ
なかったんだけどね",
06189.sfm,0x6177,12,,間違ってるよ,
06189.sfm,0x6184,43,,"ソーディアン研究所は
どこの敷地内にあるか？",
06189.sfm,0x61B0,10,,物資保管所,
06189.sfm,0x61BB,17,,<Harold>の私室兼ラボ,
06189.sfm,0x61CD,37,,"この部屋以外は
毒ガスがやっかいなんだ",
06189.sfm,0x61F3,27,,"敵の本拠地には
ありえないよ",
06189.sfm,0x620F,41,,"ヒールバンクルは敵を倒すと
何が回復する？",
06189.sfm,0x6239,4,,ＨＰ,
06189.sfm,0x623E,4,,ＴＰ,
06189.sfm,0x6243,4,,ＳＰ,
06189.sfm,0x6248,4,,根性,
06189.sfm,0x624D,113,,"ディムロスさんの、作戦行動中の
独断専行、及び上層部の指示無視
したことに対して、リトラーさんが
下した処分は何か？",
06189.sfm,0x62BF,20,,突入作戦の前線指揮官,
06189.sfm,0x62DD,8,,跳び蹴り,
06189.sfm,0x62E6,8,,口頭注意,
06189.sfm,0x62EF,30,,リトラーさんって器が大きいよな,
06189.sfm,0x630E,24,,これだとみんな不満だよね,
06189.sfm,0x6327,21,,<Harold>じゃないんだから,
06189.sfm,0x633D,18,,そんなセコくないよ,
06189.sfm,0x6350,41,,"ソーディアン「ベルセリオス」の
人格は誰？",
06189.sfm,0x6382,8,,カーネル,
06189.sfm,0x638B,8,,リトラー,
06189.sfm,0x6394,26,,何か色々あったみたいだけど,
06189.sfm,0x63AF,14,,残念。違うよ！,
06189.sfm,0x63BE,47,,"ソーディアン「ベルセリオス」の
初代使い手は誰？",
06189.sfm,0x63EE,8,,カーレル,
06189.sfm,0x63F7,56,,"<Harold>は普段、メンバーに
何をさせて欲しいと願っているか？",
06189.sfm,0x6430,4,,解剖,
06189.sfm,0x6435,4,,掃除,
06189.sfm,0x643A,4,,裁縫,
06189.sfm,0x643F,4,,料理,
06189.sfm,0x6444,93,,"な、何を考えてるんだろっ
おかげで毎日毎日ぐっすり
眠れないや････この前なんか
血を抜かれたなぁ",
06189.sfm,0x64A2,16,,いやっ････ちがう,
06189.sfm,0x64B3,16,,ミユといったら？,
06189.sfm,0x64C4,10,,ヤギの名前,
06189.sfm,0x64CF,10,,イヌの名前,
06189.sfm,0x64DA,10,,ネコの名前,
06189.sfm,0x64E5,10,,トリの名前,
06189.sfm,0x64F0,14,,よくわかったね,
06189.sfm,0x64FF,14,,ヒントは孤児院,
06189.sfm,0x650E,40,,"<Judas>はシャルティエを
何と呼んでいるか？",
06189.sfm,0x6537,6,,シャル,
06189.sfm,0x653E,8,,坊ちゃん,
06189.sfm,0x6547,14,,シャルティエ様,
06189.sfm,0x6556,8,,じーさん,
06189.sfm,0x655F,49,,"小さい頃から一緒にいて
本当の兄弟みたいだったって",
06189.sfm,0x6591,38,,"それはシャルティエが
<Judas>を呼ぶ時だよ",
06189.sfm,0x65B8,23,,<Judas>が『～さま』････!?,
06189.sfm,0x65D0,31,,"確かに
千歳くらい年上だけど････",
06189.sfm,0x65F0,47,,"ウッドロウさんがオレに
渡してくれたものは何か？",
06189.sfm,0x6620,6,,勅命状,
06189.sfm,0x6636,56,,"これっておれたちを
信頼してくれている
証拠だよな････へへ",
06189.sfm,0x666F,55,,"<Loni>がオレと
二人旅していて、「何」がないと
言ったか？",
06189.sfm,0x66A7,4,, 華 ,
06189.sfm,0x66AC,4,, 愛 ,
06189.sfm,0x66B1,4,, 色 ,
06189.sfm,0x66B6,48,,"結局、<Loni>はこんなこと
ばっかり言ってるだから！",
06189.sfm,0x66E7,42,,"<Loni>って何歳以下は
手を出さないんだっけ？",
06189.sfm,0x6712,10,,十四歳以下,
06189.sfm,0x671D,10,,十二歳以下,
06189.sfm,0x6728,10,,十六歳以下,
06189.sfm,0x6733,10,,十八歳以下,
06189.sfm,0x673E,53,,"通常攻撃を行うと上昇する
アクティブレベルは何だっけ？",
06189.sfm,0x6774,8,,アタック,
06189.sfm,0x677D,8,,マジック,
06189.sfm,0x6786,6,,パワー,
06189.sfm,0x678D,8,,サミット,
06189.sfm,0x6796,16,,残念、ハズレだよ,
06189.sfm,0x67A7,55,,"特技、奥義を使うと上昇する
アクティブレベルは何だっけ？",
06189.sfm,0x67DF,6,,スキル,
06189.sfm,0x67E6,8,,チェイン,
06189.sfm,0x67EF,6,,ホープ,
06189.sfm,0x67F6,6,,カイル,
06189.sfm,0x67FD,49,,"晶術を使うと上昇する
アクティブレベルは何だっけ？",
06189.sfm,0x682F,8,,マリック,
06189.sfm,0x6838,12,,マトリックス,
06189.sfm,0x6845,26,,残念、それは特技や奥義だよ,
06189.sfm,0x6860,53,,"連携行動を行うと上昇する
アクティブレベルは何だっけ？",
06189.sfm,0x6896,8,,チュイン,
06189.sfm,0x689F,8,,チャイン,
06189.sfm,0x68A8,101,,"アトワイトさんがさらわれたとき
「スパイラルケイブにて待つ」という
手紙と一緒に置いてあった
ものは何？",
06189.sfm,0x690E,12,,ブレスレット,
06189.sfm,0x691B,10,,イヤリング,
06189.sfm,0x6926,10,,ネックレス,
06189.sfm,0x6931,8,,ベレー帽,
06189.sfm,0x693A,65,,"正解！
バルバトスって
アトワイトさんの事
好きだったのかなあ････？",
06189.sfm,0x697C,20,,それっぽいけど違うよ,
06189.sfm,0x6991,43,,"確かにアトワイトさん
いつもかぶってるけどね",
06189.sfm,0x69BD,39,,"残念、時間切れ
ちょっと難しかったかな？",
06189.sfm,0x69E5,47,,"長いメッセージを早送りするには
どうすればいい？",
06189.sfm,0x6A15,12,,<button:00000037>と<button:00000036>,
06189.sfm,0x6A22,12,,<button:00000035>と<button:00000036>,
06189.sfm,0x6A2F,12,,<button:00000037>と<button:00000038>,
06189.sfm,0x6A3C,12,,<button:00000039>と<button:0000003A>,
06189.sfm,0x6A49,57,,"「華麗なとどめのさし方」を行うと
何と認定されるんだっけ？",
06189.sfm,0x6A83,20,,テクニカルスマッシュ,
06189.sfm,0x6A98,20,,クリティカルブレード,
06189.sfm,0x6AAD,18,,ハイパースマッシュ,
06189.sfm,0x6AC0,20,,エレガントスマッシュ,
06189.sfm,0x6AD5,37,,"残念、このオレの一撃！
ってやつだね！",
06189.sfm,0x6AFB,55,,"リフレクトリングを装備すると
何をしやすくなるんだっけ？",
06189.sfm,0x6B33,16,,ガードストライク,
06189.sfm,0x6B44,20,,スピリッツブラスター,
06189.sfm,0x6B59,8,,魔法反射,
06189.sfm,0x6B62,8,,ＴＰ吸収,
06189.sfm,0x6B91,10,,魔人千裂衝,
06189.sfm,0x6B9C,12,,千裂・蒼破刃,
06189.sfm,0x6BA9,10,,粉塵裂破衝,
06189.sfm,0x6BB4,6,,幻影刃,
06189.sfm,0x6BBB,42,,ウィンドスラッシュの追加晶術ってなーんだ？,
06189.sfm,0x6BE6,14,,クロスブレイド,
06189.sfm,0x6BF5,18,,ヴォルテックヒート,
06189.sfm,0x6C08,16,,スティングレイブ,
06189.sfm,0x6C19,14,,カゼヨフケフケ,
06189.sfm,0x6C28,69,,"フリーズチェックを装備すると
凍結耐性と何を得ることができるんだっけ？",
06189.sfm,0x6C6E,8,,反撃効果,
06189.sfm,0x6C77,8,,凍結吸収,
06189.sfm,0x6C80,8,,凍結無効,
06189.sfm,0x6C89,8,,ＴＰ回復,
06189.sfm,0x6C92,55,,"カタコンベでの仕掛けの祭壇
４つあったけど名前覚えてる？",
06189.sfm,0x6CCA,14,,罪・闇・死・罰,
06189.sfm,0x6CD9,14,,魔・闇・死・罰,
06189.sfm,0x6CE8,14,,風・林・火・山,
06189.sfm,0x6CF7,14,,弱・肉・強・食,
06189.sfm,0x6D06,14,,罪・間・死・罰,
06189.sfm,0x6D15,14,,罪・闇・死・罪,
06189.sfm,0x6D24,37,,"正解！
ややっこしい仕掛けだったよなー",
06189.sfm,0x6D4A,33,,"惜しい！
そんな感じなんだけどなー",
06189.sfm,0x6D6C,28,,ど、どこかで聞いたような････,
06189.sfm,0x6D89,20,,まじめにこたえてよ！,
06189.sfm,0x6D9E,22,,やーい、ひっかかった♪,
06189.sfm,0x6DB5,45,,"残念、時間切れ
ややっこしい仕掛けだったよなー",
06189.sfm,0x6DE3,107,,"飛行竜にソーサラースコープでしか
見えない小さなモンスターがいる部屋が
あったけど
あの部屋の主って何だっけ？",
06189.sfm,0x6E4F,10,,マザーセル,
06189.sfm,0x6E5A,12,,マスターセル,
06189.sfm,0x6E67,10,,キングセル,
06189.sfm,0x6E72,10,,グランセル,
06189.sfm,0x6E7D,8,,偉いセル,
06189.sfm,0x6E86,14,,セル・ザ・長老,
06189.sfm,0x6E95,66,,"正解！
あれをソーサラーリングで焼き殺すと
扉が開く仕掛けだったよね",
06189.sfm,0x6ED8,39,,"惜しい！
そんな感じではあるんだけど････",
06189.sfm,0x6F00,24,,ちょっと単純すぎない？？,
06189.sfm,0x6F19,27,,"もう！
まじめに答えてよね！",
06189.sfm,0x6F35,74,,"残念、時間切れ
あれをソーサラーリングで焼き殺すと
扉が開く仕掛けだったよね",
06189.sfm,0x6F80,57,,"テクニカルリングを装備すると
どういう効果があるんだっけ？",
06189.sfm,0x6FBA,20,,アイテム入手確率上昇,
06189.sfm,0x6FCF,20,,スキルアップ確率上昇,
06189.sfm,0x6FE4,16,,ＴＰ回復量が増加,
06189.sfm,0x6FF5,16,,ＳＰ回復量が増加,
06189.sfm,0x7006,80,,"ダイクロフトでのダンタリオンとの戦い
そいつと一緒に出てきた
敵の名前はなーんだ？",
06189.sfm,0x7057,6,,セージ,
06189.sfm,0x705E,6,,ガルム,
06189.sfm,0x7065,14,,ナッハツェラー,
06189.sfm,0x7074,10,,バンデット,
06189.sfm,0x707F,47,,"フォルトゥナ戦の直前に戦った
神の化身の名前は？",
06189.sfm,0x70AF,10,,エレレイン,
06189.sfm,0x70BA,10,,エルレイソ,
06189.sfm,0x70C5,10,,エルルイン,
06189.sfm,0x70D0,10,,ユルレイン,
06189.sfm,0x70DB,10,,エルしイン,
06189.sfm,0x70E6,45,,"正解！
････ちぇっ、ひっかからなかったなあ････",
06189.sfm,0x7114,19,,"アレレ？
よく見てよ",
06189.sfm,0x7128,15,,"ン？
よく見てよ",
06189.sfm,0x7138,24,,たるんでるんじゃないの？,
06189.sfm,0x7151,19,,"レレレ？
よく見てよ",
06189.sfm,0x7165,20,,よーく見ればわかるよ,
06189.sfm,0x717A,47,,"この中でフォルトゥナが
使ってこない晶術はどれ？",
06189.sfm,0x71AA,16,,ネガティブゲイト,
06189.sfm,0x71BB,16,,フリーズハンター,
06189.sfm,0x71CC,12,,スプラッシュ,
06189.sfm,0x71D9,31,,"正解！
闇属性の術だからかなあ？",
06189.sfm,0x71F9,13,,"残念！
違うよ",
06189.sfm,0x7207,41,,"あんなに苦戦したのに
もう忘れちゃったの？",
06189.sfm,0x7231,44,,カタコンベで戦ったのは一体どいつだったっけ？,
06189.sfm,0x725E,10,,オウルベア,
06189.sfm,0x7269,36,,正解！なかなか手ごわいヤツだったよな,
06189.sfm,0x728E,50,,エルレインと戦ったのは巨大レンズの前だったじゃない,
06189.sfm,0x72C1,46,,････それはオレが１番最初に戦ったやつじゃない？,
06189.sfm,0x72F0,59,,"惜しい！それは飛行竜で
ガープがオレ達を襲わせたモンスターだ",
06189.sfm,0x732C,68,,"ハイデルベルグで<Harold>が
時空間のゆがみをキャッチした発明品の名前は？",
06189.sfm,0x7371,12,,解析君２号改,
06189.sfm,0x737E,16,,キャッチ君３号改,
06189.sfm,0x738F,12,,分析君３号改,
06189.sfm,0x739C,12,,測定君２号改,
06189.sfm,0x73A9,42,,"正解！
<Harold>って本当に何でも作れるんだなあ",
06189.sfm,0x73D4,32,,それはそれでかわいい名前だけどね,
06189.sfm,0x73F5,14,,ちょっと違うぞ,
06189.sfm,0x7404,20,,惜しい！そんな感じ！,
06189.sfm,0x7419,64,,"ブーッ、時間切れ
あのせいで<Reala>とのデートを邪魔されたんだよなあ",
06189.sfm,0x745A,34,,物資保管所の所長の名前はなーんだ？,
06189.sfm,0x747D,14,,ブラックバーン,
06189.sfm,0x748C,14,,ノウミソバーン,
06189.sfm,0x749B,14,,ホワイトバーン,
06189.sfm,0x74AA,14,,エナメルバーン,
06189.sfm,0x74B9,95,,"物資保管所の高レベルのプロテクトを
解除するにはマスターキー
セルキーのほか何が
必要なんだっけ？",
06189.sfm,0x7519,10,,バイオキー,
06189.sfm,0x7524,10,,コモンキー,
06189.sfm,0x752F,10,,ジーンキー,
06189.sfm,0x753A,10,,ラストキー,
06189.sfm,0x7545,61,,"ダイクロフトに行く資格を調べる
ほこらの名前って何か覚えてる？",
06189.sfm,0x7583,10,,闇のほこら,
06189.sfm,0x758E,12,,救いのほこら,
06189.sfm,0x759B,12,,幸せのほこら,
06189.sfm,0x75A8,10,,神のほこら,
06189.sfm,0x75B3,18,,選ばれし者のほこら,
06189.sfm,0x75C6,29,,"正解！
小高い山の上にあったな",
06189.sfm,0x75E4,28,,うーん、それと逆の名前なんだ,
06189.sfm,0x7601,30,,そんな感じなんだけど････違うよ,
06189.sfm,0x7620,32,,いかにもって感じだけど････違うよ,
06189.sfm,0x7641,32,,ちょっとニュアンスが違うかな････,
06189.sfm,0x7662,59,,"ラディスロウの一角を占拠して
井戸端会議をしている人達は誰？",
06189.sfm,0x769E,10,,おばちゃん,
06189.sfm,0x76A9,8,,漆黒の翼,
06189.sfm,0x76B2,8,,補給部隊,
06189.sfm,0x76BB,7,,<Kyle>達,
06189.sfm,0x76C3,18,,ベテランとひよっこ,
06189.sfm,0x76D6,33,,"正解！
すごい大きな声なんだよなー",
06189.sfm,0x76F8,31,,"オレ達じゃないよ
何いってんのさ",
06189.sfm,0x7718,72,,"ディムロスさんが部下を
指揮する際に必ずいう
「いつもの言葉」は何だっけ？",
06189.sfm,0x7761,16,,生きて帰って来い,
06189.sfm,0x7772,10,,健闘を祈る,
06189.sfm,0x777D,12,,絶対に死ぬな,
06189.sfm,0x778A,12,,死力を尽くせ,
06189.sfm,0x7797,12,,ガ・ン・バ☆,
06189.sfm,0x77A4,65,,"正解！
部下思いのディムロスさんらしい
セリフだよな！
シビれるー！",
06189.sfm,0x77E6,35,,"うん、そんなのもアリかな
でも違うよ",
06189.sfm,0x780A,36,,内容としてはそんな感じなんだけど････,
06189.sfm,0x782F,36,,････まじめに答えないと、オレ怒るよ？,
06189.sfm,0x7854,56,,"ブーッ、時間切れ
この言葉にみんな
勇気づけられたんだよね",
06189.sfm,0x788D,86,,"エルレインとの最終決戦のために
未来へ時間移動したとき
最初にたどり着いた場所はどこだ？",
06189.sfm,0x78E4,20,,ストレイライズ大神殿,
06189.sfm,0x78F9,10,,カルビオラ,
06189.sfm,0x7904,12,,ダイクロフト,
06189.sfm,0x7911,54,,"正解！
イクシフォスラーのレンズを
使って行ったんだよな",
06189.sfm,0x7948,13,,"残念！
不正解",
06189.sfm,0x7956,40,,"それはオレと<Reala>が
初めて会った場所だな",
06189.sfm,0x797F,43,,"あちこち時間移動したから
忘れちゃったかな？",
06189.sfm,0x79AB,47,,"ディムロスさんが
自分の部屋に隠している物は何？",
06189.sfm,0x79DB,12,,フレアボトル,
06189.sfm,0x79E8,16,,アトワイトの写真,
06189.sfm,0x79F9,12,,ソーディアン,
06189.sfm,0x7A06,20,,隠し事なんかしない！,
06189.sfm,0x7A1B,20,,３５点の数学のテスト,
06189.sfm,0x7A30,56,,"はずれ
････でももっとよく探したら
あったのかもなあ････♪",
06189.sfm,0x7A69,43,,"いくら何でも
もっと厳重にしまうんじゃない？",
06189.sfm,0x7A95,51,,"どんなにすごい人でも、隠し事の１つや２つ
････ねえ？",
06189.sfm,0x7AC9,25,,それは<Loni>の話だよねー♪,
06189.sfm,0x7AE3,65,,"物資保管所のプロテクト解除キーの中で
唯一温度変化に強いのはどれ？",
06189.sfm,0x7B25,8,,万能キー,
06189.sfm,0x7B2E,14,,マスターチップ,
06189.sfm,0x7B3D,31,,"正解！
ちょっと簡単だったかな？",
06189.sfm,0x7B5D,39,,"言いたいことはわかるんだけど････
残念！",
06189.sfm,0x7B85,32,,？？そんな名前のカギあったっけ？,
06189.sfm,0x7BA6,63,,"<Judas>が皿からよけて
欲しいほど嫌いな野菜は
ピーマンと何だっけ？",
06189.sfm,0x7BE6,8,,ニンジン,
06189.sfm,0x7BEF,8,,タマネギ,
06189.sfm,0x7BF8,4,,ナス,
06189.sfm,0x7BFD,16,,カルビリアトマト,
06189.sfm,0x7C0E,12,,グリンピース,
06189.sfm,0x7C1B,50,,"ププッ！
正解！
案外かわいいとこあるんだよね
<Judas>",
06189.sfm,0x7C4E,31,,"うーん
それっぽいけど違うんだな",
06189.sfm,0x7C6E,28,,"それは<Harold>の時代の
野菜だよ",
06189.sfm,0x7C8B,40,,"うーん
いかにもって感じだけど
違うんだな",
06189.sfm,0x7CB4,39,,"好き嫌いはよくないよね
これが正解でした",
06189.sfm,0x7CDC,63,,"オレンジグミとオレンジグミを
リファインすると、一体何が出来る？",
06189.sfm,0x7D1C,10,,パイングミ,
06189.sfm,0x7D27,12,,ミラクルグミ,
06189.sfm,0x7D34,10,,マグログミ,
06189.sfm,0x7D50,33,,"あたり！
普通に考えればそうだよね",
06189.sfm,0x7D72,33,,"違うよ
チョット高望みしすぎかな？",
06189.sfm,0x7D94,41,,"うっ････
どこをどうしたらそうなるんだよー",
06189.sfm,0x7DBE,41,,"そんなグミ････
あったら食べてみたいなあ♪",
06189.sfm,0x7DE8,56,,"しょうがないか
色々試してるとゴッチャに
なっちゃうもんね",
06189.sfm,0x7E21,63,,"ミックスグミとミックスグミを
リファインすると、一体何が出来る？",
06189.sfm,0x7E61,12,,ライフボトル,
06189.sfm,0x7E6E,12,,アップルグミ,
06189.sfm,0x7E7B,48,,"あれ？
何か効果が下がってる気が
するんだけど････",
06189.sfm,0x7EAC,49,,"サフランをリファインすると
何に変化するかわかる？",
06189.sfm,0x7EDE,10,,ラベンダー,
06189.sfm,0x7EE9,12,,ローズマリー,
06189.sfm,0x7EF6,6,,タイム,
06189.sfm,0x7EFD,6,,違うよ,
06189.sfm,0x7F04,47,,"セボリーをリファインすると
何になるか知ってる？",
06189.sfm,0x7F34,8,,サフラン,
06189.sfm,0x7F3D,8,,時間切れ,
06189.sfm,0x7F46,80,,"ロールキャベツを作るのに必要な材料って
キャベツと、すじにくと････
あと何だっけ？",
06189.sfm,0x7F97,6,,タマゴ,
06189.sfm,0x7F9E,14,,コンソメスープ,
06189.sfm,0x7FAD,10,,かんぴょう,
06189.sfm,0x7FB8,31,,"正解！
何か意外って感じだけどね",
06189.sfm,0x7FD8,28,,これを入れてもおいしいよなあ,
06189.sfm,0x7FF5,26,,ま、そりゃそうなんだけどね,
06189.sfm,0x8010,36,,ま、あるに越したことはないんだけどね,
06189.sfm,0x8035,28,,これを入れてもおいしいかもね,
06189.sfm,0x8052,48,,"残念、時間切れ
<Nanaly>の作るロールキャベツは絶品♪",
06189.sfm,0x80E2,14,,ヴァニッシャー,
06189.sfm,0x80F1,12,,プレッシャー,
06189.sfm,0x80FE,10,,レクイエム,
06189.sfm,0x8109,6,,ペイン,
06189.sfm,0x8110,12,,スラッシャー,
06189.sfm,0x811D,6,,フロウ,
06189.sfm,0x8124,12,,スプリエンド,
06189.sfm,0x8131,14,,ゴッデスブレス,
06189.sfm,0x8198,33,,"惜しい！
そんな感じなんだけど････",
06189.sfm,0x81BA,77,,"あんなに苦戦したのに
忘れちゃったの？
もしかして嫌なことは
忘れちゃうタイプ？",
06189.sfm,0x8208,75,,"見えないものを探知するスッゴイ道具
ソーサラースコープをくれた人は誰だっけ？",
06189.sfm,0x8254,8,,フィリア,
06189.sfm,0x825D,10,,ウッドロウ,
06189.sfm,0x8268,52,,"そのとおり
ホント、優しくてきれいな
人だったなあ････",
06189.sfm,0x829D,48,,"<Harold>もこのくらい
だったら作っちゃいそうだけどね",
06189.sfm,0x82CE,26,,あんなやつのわけないだろ！,
06189.sfm,0x82E9,58,,"惜しい！
四英雄の一人だってところまでは
合ってるんだけどな",
06189.sfm,0x8324,76,,"あんなにお世話になった人だよ？！
しかも四英雄の一人！
忘れるなんて失礼だよ！",
06189.sfm,0x8371,65,,"ラディスロウの中にあるシャルティエの部屋
実際にあった本はどれだ！",
06189.sfm,0x83B3,10,,楽しい人生,
06189.sfm,0x83BE,20,,ポジティブに生きよう,
06189.sfm,0x83D3,12,,正しい笑い方,
06189.sfm,0x83E0,12,,やりくり上手,
06189.sfm,0x83ED,54,,"正解！
他にもプレッシャーに負けないとか
あったよね････",
06189.sfm,0x8424,14,,んー････近い？,
06189.sfm,0x8433,35,,"バルバトスとか読んでたら
笑えるなぁ",
06189.sfm,0x8457,43,,"あの時代は貧しかったから
････って違うって！",
06189.sfm,0x8483,12,,時間切れだよ,
06189.sfm,0x8490,26,,"ズバリ
<Judas>の正体って誰?!",
06189.sfm,0x84AB,6,,スタン,
06189.sfm,0x84B2,8,,ジョニー,
06189.sfm,0x84BB,10,,コングマン,
06189.sfm,0x84C6,8,,ルーティ,
06189.sfm,0x84CF,8,,山田さん,
06189.sfm,0x84D8,46,,"あったりー♪
これは答えられなきゃ
まずいでしょ",
06189.sfm,0x8507,24,,それオレの父さんじゃん！,
06189.sfm,0x8520,18,,それはないだろ････,
06189.sfm,0x8533,32,,ず、ずいぶん着やせするんだな････,
06189.sfm,0x8554,45,,"オレのことが心配で変装までして
････って違う！",
06189.sfm,0x8582,8,,････誰？,
06189.sfm,0x858B,32,,これは答えられなきゃまずいでしょ,
06189.sfm,0x85AC,47,,"エンカウント４００回突破すると
もらえる称号は？",
06189.sfm,0x85DC,10,,スパイカー,
06189.sfm,0x85E7,8,,スパパー,
06189.sfm,0x85F0,10,,スレイヤー,
06189.sfm,0x85FB,10,,スレンダー,
06189.sfm,0x8606,47,,"エンカウント８００回突破すると
もらえる称号は？",
06189.sfm,0x8636,10,,イレーザー,
06189.sfm,0x8641,10,,イエッサー,
06189.sfm,0x864C,12,,イヤンバカー,
06189.sfm,0x8659,74,,"総合ＧＲＡＤＥが６００に達し
熟達な戦術者と見とめられると
もらえる称号は？",
06189.sfm,0x86A4,4,,戦神,
06189.sfm,0x86A9,6,,救世主,
06189.sfm,0x86B0,6,,堕落者,
06189.sfm,0x86B7,18,,だ････堕落なの？！,
06189.sfm,0x86CA,45,,"フォルトゥナを倒すと
もらえる称号はなーんだ？",
06189.sfm,0x86F8,14,,何ももらえない,
06189.sfm,0x8707,8,,人間失格,
06189.sfm,0x8710,8,,真の英雄,
06189.sfm,0x8719,18,,ゴッデススレイヤー,
06189.sfm,0x874E,48,,"いやぁ～
俺的にはこれで正解な気も
するんだけどね",
06189.sfm,0x877F,47,,"これはエンカウント回数で
もらえる称号じゃ････？",
06189.sfm,0x87AF,28,,人は自らの道を歩むべきだよな,
06189.sfm,0x87CC,46,,"残念
フォルトゥナって神様だから
････わかった？",
06189.sfm,0x87FB,51,,"大地の力を圧縮し
そして解放させる上級晶術の名前は？",
06189.sfm,0x882F,18,,グランヴァニッシュ,
06189.sfm,0x8842,16,,グラビトンホール,
06189.sfm,0x8853,18,,インブレイスエンド,
06189.sfm,0x8866,47,,"漆黒の闇の淵へと引きずり込む
上級晶術の名前は？",
06189.sfm,0x8896,18,,エクスキューション,
06189.sfm,0x88A9,20,,エクスキュージジョン,
06189.sfm,0x88BE,14,,シャドウエッジ,
06189.sfm,0x88CD,20,,エイブルキュージョン,
06189.sfm,0x891A,18,,フィアフルストーム,
06189.sfm,0x892D,32,,"<Harold>は地上軍の
どの隊の部隊長？",
06189.sfm,0x894E,14,,ドッキリメカ隊,
06189.sfm,0x895D,6,,科学隊,
06189.sfm,0x8964,6,,兵器隊,
06189.sfm,0x896B,6,,開発隊,
06189.sfm,0x8972,29,,"正解！
結構偉い人だったんだな",
06189.sfm,0x8990,29,,"それっぽいんだけど
違うんだな",
06189.sfm,0x89AE,63,,"残念、時間切れ
オレも<Harold>が部隊長だって事なんか
忘れかけてたよ",
06189.sfm,0x89EE,53,,"エルレインがオレ達との最終決戦に
選んだ場所の名前は？",
06189.sfm,0x8A24,10,,神のたまご,
06189.sfm,0x8A2F,6,,神の星,
06189.sfm,0x8A36,10,,神のひとみ,
06189.sfm,0x8A41,6,,神の目,
06189.sfm,0x8A48,12,,神のてのひら,
06189.sfm,0x8A55,37,,"正解！
空に浮かぶさまは圧巻だったなあ",
06189.sfm,0x8A7B,35,,"それは６メートル級レンズの
通称だよ",
06189.sfm,0x8A9F,72,,"ブーッ、時間切れ
最終決戦の場所を覚えてないなんて････
もしかして寝てた？",
06189.sfm,0x8AE8,57,,"<Harold>の発明メカを壊した仕返しに
<Loni>が受けた仕打ちとは？",
06189.sfm,0x8B22,6,,キック,
06189.sfm,0x8B29,14,,ボディーブロー,
06189.sfm,0x8B38,10,,往復ビンタ,
06189.sfm,0x8B43,8,,改造手術,
06189.sfm,0x8B4C,10,,一本背負い,
06189.sfm,0x8B57,21,,"正解！
あれはひどいよ",
06189.sfm,0x8B6D,22,,それも痛そうだなあ････,
06189.sfm,0x8B84,47,,"それは母さんの十八番だ
････思い出したくない････",
06189.sfm,0x8BB4,20,,し、死んじゃうよー！,
06189.sfm,0x8BF6,68,,"残念、時間切れ
自分から「片付けちゃって」って
言ったくせに････ねえ？",
06189.sfm,0x8C6E,4,, 炎 ,
06189.sfm,0x8C73,4,, 氷 ,
06189.sfm,0x8C78,4,, 水 ,
06189.sfm,0x8C7D,4,, 空 ,
06189.sfm,0x8C82,34,,"<Judas>の奥義
魔人滅殺闇は何奥義だ？",
06189.sfm,0x8CA5,8,,暗黒奥義,
06189.sfm,0x8CAE,8,,暗部奥義,
06189.sfm,0x8CB7,8,,月影奥義,
06189.sfm,0x8CC0,8,,滅殺奥義,
06189.sfm,0x8CFF,4,, ッ ,
06189.sfm,0x8D04,4,, 走 ,
06189.sfm,0x8D09,4,, 攻 ,
06189.sfm,0x8D0E,4,, 沈 ,
06189.sfm,0x8D13,39,,"フレイムドライブの
追加晶術はなーんだ？",
06189.sfm,0x8D3B,16,,フォトンブレイズ,
06189.sfm,0x8D4C,16,,フィンガーボール,
06189.sfm,0x8D5D,14,,フレアブレイズ,
06189.sfm,0x8D6C,14,,フレイムボール,
06189.sfm,0x8D7B,39,,"スラストファングの
追加晶術はなーんだ？",
06189.sfm,0x8DA3,16,,エアリエルエッジ,
06189.sfm,0x8DB4,20,,スクリュードライバー,
06189.sfm,0x8DC9,12,,ゴットブレス,
06189.sfm,0x8DD6,39,,"エアプレッシャーの
追加晶術はなーんだ？",
06189.sfm,0x8DFE,16,,シリングフォール,
06189.sfm,0x8E0F,18,,アトミックフォール,
06189.sfm,0x8E22,18,,ストーンクラッシュ,
06189.sfm,0x8E35,18,,グラビティストーン,
06189.sfm,0x8E48,33,,"デルタレイの
追加晶術はなーんだ？",
06189.sfm,0x8E6A,18,,トリニティスパーク,
06189.sfm,0x8E7D,18,,プリズムフラッシュ,
06189.sfm,0x8E90,18,,シャイニングスピア,
06189.sfm,0x8EA3,91,,"エルレインに作り変えられた
世界にあったヘンテコな街
ヴァンジェロの正式な名前って
何だっけ？",
06189.sfm,0x8EFF,20,,紅蓮都市ヴァンジェロ,
06189.sfm,0x8F14,20,,黄昏都市ヴァンジェロ,
06189.sfm,0x8F3E,20,,空中都市ヴァンジェロ,
06189.sfm,0x8F53,31,,"正解！
本当に変な街だったよなー",
06189.sfm,0x8F73,75,,"惜しい！
それはスペランツァだよ
オレもよくゴッチャに
なっちゃうんだけど････",
06189.sfm,0x8FBF,71,,"惜しい！
それはレアルタだよ
オレもよくゴッチャに
なっちゃうんだけど････",
06189.sfm,0x9007,58,,"ん？
そんな街あったっけ？？
いいかげんなこといわないでよ！",
06189.sfm,0x9042,39,,"空に浮いてるのは
ダイクロフトじゃないか",
06189.sfm,0x906A,51,,"うーん、しょうがないか
オレだって忘れかけてたもんね",
06189.sfm,0x909E,84,,"フォルトゥナを倒したあと
それぞれみんなもとの時代に戻るけど
誰が一番最初だったっけ？",
06189.sfm,0x9102,12,,<Loni>と<Kyle>,
06189.sfm,0x910F,70,,"そのとおり
絆は消えないってわかってても
やっぱりちょっとさみしかったな",
06189.sfm,0x91AC,23,,<Nanaly>は二番目だったかな,
06189.sfm,0x91C4,38,,"<Loni>はオレより
ちょっと先に帰ったんだ",
06189.sfm,0x91EB,58,,"ブーッ、時間切れ
感動のシーンだよ？
忘れるなんてひどいや！",
06189.sfm,0x9226,65,,"デュナミス孤児院で飼ってる
最近お乳が張ってきたヤギの名前は何だ？",
06189.sfm,0x9268,4,,ユキ,
06189.sfm,0x926D,4,,ヤギ,
06189.sfm,0x9272,4,,ルー,
06189.sfm,0x9277,37,,"あったりー♪
すっごいかわいいんだぜ！",
06189.sfm,0x929D,37,,"真っ白だから
そういう名前でもいいかも",
06189.sfm,0x92C3,39,,"ヤギにヤギって名前?!
････シュールだ････",
06189.sfm,0x92EB,26,,"それは<Nanaly>の
弟の名前だよ",
06189.sfm,0x9306,28,,それは父さんの名前じゃないか,
06189.sfm,0x9323,46,,"時間切れー
まあ、ちょっと難しい
問題だったかな",
06189.sfm,0x9352,43,,"オレが見た悪夢になかった
エピソードはどれ？",
06189.sfm,0x937E,13,,<Reala>がグレた,
06189.sfm,0x938C,15,,<Loni>が女だった,
06189.sfm,0x939C,15,,<Judas>が酒びたり,
06189.sfm,0x93AC,16,,オレが改造された,
06189.sfm,0x93BD,33,,"正解！
悪夢中の悪夢って感じだなー",
06189.sfm,0x93DF,43,,"うう････
その事は思い出させないでくれぇ････",
06189.sfm,0x940B,28,,これはなかなか楽しかったな♪,
06189.sfm,0x9428,34,,お、思い出すだけで震えてくるよ････,
06189.sfm,0x944B,22,,ホント、夢でよかったよ,
06189.sfm,0x9462,28,,レジストリングって何の指輪？,
06189.sfm,0x947F,10,,耐性の指輪,
06189.sfm,0x9495,10,,忍耐の指輪,
06189.sfm,0x94A0,10,,理力の指輪,
06189.sfm,0x94AB,10,,精神の指輪,
06189.sfm,0x94B6,49,,"ヴァンジェロとレアルタの
間にあった森の名前は何？",
06189.sfm,0x94E8,8,,未開の森,
06189.sfm,0x94F1,12,,いざないの森,
06189.sfm,0x94FE,8,,迷いの森,
06189.sfm,0x9507,6,,原生林,
06189.sfm,0x950E,10,,ジャングル,
06189.sfm,0x9519,8,,禁断の森,
06189.sfm,0x9522,49,,"正解！
<Nanaly>がいなかったら
抜けられなかったかもね",
06189.sfm,0x9554,30,,そ、そのまんまの名前だなあ････,
06189.sfm,0x9573,53,,"残念！　時間切れ
あの時は<Nanaly>が
いてくれて助かったよ",
06189.sfm,0x95A9,60,,"ねこにんの村は
温泉があるけどお風呂がない
それは何でだっけ？",
06189.sfm,0x95E6,10,,ぬれるから,
06189.sfm,0x95F1,10,,あついから,
06189.sfm,0x95FC,10,,こわいから,
06189.sfm,0x9607,12,,きらいだから,
06189.sfm,0x9614,65,,"千年前の過去の軍事拠点にいる
オベロン少年の被っていた帽子の色は？",
06189.sfm,0x9656,4,,水色,
06189.sfm,0x965B,6,,ピンク,
06189.sfm,0x9662,2,,白,
06189.sfm,0x9665,2,,赤,
06189.sfm,0x9668,8,,オレンジ,
06189.sfm,0x9671,67,,"ライスとタマゴとタマネギで作れる
俺もだーい好きな料理ってなーんだ？",
06189.sfm,0x96B5,10,,オムライス,
06189.sfm,0x96C0,10,,チャーハン,
06189.sfm,0x96D2,8,,リゾット,
06189.sfm,0x96DB,91,,"正解！　<Judas>が作ったのが
俺は一番好きだな♪
････あ、<Reala>のがおいしく
ないってわけじゃ････",
06189.sfm,0x9737,31,,"うーん、
作れそうなんだけど････",
06189.sfm,0x9757,35,,"うーん、
確かに作れるんだけどね････",
06189.sfm,0x977B,50,,"惜しい！
リゾットはもうちょっと
材料が必要なんだよ",
06189.sfm,0x97AE,49,,"俺が使う奥義、牙連蒼破刃
その秘奥義ってなーんだ？",
06189.sfm,0x980C,33,,"正解！
「それで済むかよ！」ってね",
06189.sfm,0x9896,12,,火は出ないよ,
06189.sfm,0x98A3,59,,"ソーサラーリングとソーサラースコープ
の消費レンズの合計は？",
06189.sfm,0x98DF,4,,４枚,
06189.sfm,0x98E4,4,,５枚,
06189.sfm,0x98E9,4,,３枚,
06189.sfm,0x98EE,4,,２枚,
06189.sfm,0x98F3,4,,０枚,
06189.sfm,0x98F8,6,,１枚半,
06189.sfm,0x98FF,6,,１万枚,
06189.sfm,0x9906,27,,"正解！
無駄使いできないよね",
06189.sfm,0x9922,24,,それはムシがよすぎるよー,
06189.sfm,0x9952,22,,そんなわけないじゃん！,
06189.sfm,0x9969,6,,**問題,
06189.sfm,0x9970,6,,**正解,
06189.sfm,0x9977,10,,**正解です,
06190.sfm,0x1488,15,,**間違い1,
06190.sfm,0x1498,15,,**間違い2,
06190.sfm,0x14A8,15,,**間違い3,
06190.sfm,0x14B8,15,,**間違い4,
06190.sfm,0x14C8,15,,**間違い5,
06190.sfm,0x14D8,15,,**間違い6,
06190.sfm,0x14E8,31,,**間違い7,
06190.sfm,0x1508,15,,**間違いです1,
06190.sfm,0x1518,15,,**間違いです2,
06190.sfm,0x1528,15,,**間違いです3,
06190.sfm,0x1538,15,,**間違いです4,
06190.sfm,0x1548,15,,**間違いです5,
06190.sfm,0x1558,15,,**間違いです6,
06190.sfm,0x1568,15,,**間違いです7,
06190.sfm,0x157E,18,,「せいかい」を選べ,
06190.sfm,0x159A,8,,せいかい,
06190.sfm,0x15A3,10,,まちがい１,
06190.sfm,0x15AE,10,,まちがい２,
06190.sfm,0x15B9,10,,まちがい３,
06190.sfm,0x15C4,12,,せいかいです,
06190.sfm,0x15D1,14,,まちがい１です,
06190.sfm,0x15E0,14,,まちがい２です,
06190.sfm,0x15EF,14,,まちがい３です,
06190.sfm,0x15FE,8,,違います,
06190.sfm,0x166D,8,,だめよぉ,
06190.sfm,0x1676,6,,正解！,
06190.sfm,0x167D,18,,わからないかしら？,
06190.sfm,0x1690,6,,**問題,
06190.sfm,0x1697,6,,**正解,
06190.sfm,0x169E,10,,**正解です,
06191.sfm,0x1488,15,,**間違い1,
06191.sfm,0x1498,15,,**間違い2,
06191.sfm,0x14A8,15,,**間違い3,
06191.sfm,0x14B8,15,,**間違い4,
06191.sfm,0x14C8,15,,**間違い5,
06191.sfm,0x14D8,15,,**間違い6,
06191.sfm,0x14E8,31,,**間違い7,
06191.sfm,0x1508,15,,**間違いです1,
06191.sfm,0x1518,15,,**間違いです2,
06191.sfm,0x1528,15,,**間違いです3,
06191.sfm,0x1538,15,,**間違いです4,
06191.sfm,0x1548,15,,**間違いです5,
06191.sfm,0x1558,15,,**間違いです6,
06191.sfm,0x1568,15,,**間違いです7,
06191.sfm,0x157E,18,,「せいかい」を選べ,
06191.sfm,0x159A,8,,せいかい,
06191.sfm,0x15A3,10,,まちがい１,
06191.sfm,0x15AE,10,,まちがい２,
06191.sfm,0x15B9,10,,まちがい３,
06191.sfm,0x15C4,12,,せいかいです,
06191.sfm,0x15D1,14,,まちがい１です,
06191.sfm,0x15E0,14,,まちがい２です,
06191.sfm,0x15EF,14,,まちがい３です,
06191.sfm,0x15FE,8,,違います,
06191.sfm,0x1607,54,,"クレスタの
スカートめくり三人衆のひとり
雷光と言えば？",
06191.sfm,0x164D,14,,雷光のネルソン,
06191.sfm,0x165C,8,,その通り,
06191.sfm,0x1665,18,,おいおい、常識だぜ,
06191.sfm,0x1678,58,,"クレスタの
スカートめくり三人衆のひとり
つむじ風と言えば？",
06191.sfm,0x16C2,15,,つむじ風の<Loni>,
06191.sfm,0x16D2,10,,そう、俺だ,
06191.sfm,0x16DD,56,,"クレスタの
スカートめくり三人衆のひとり
めくりといえば？",
06191.sfm,0x1725,14,,めくりのジョー,
06191.sfm,0x1734,6,,**問題,
06191.sfm,0x173B,6,,**正解,
06191.sfm,0x1742,10,,**正解です,
06192.sfm,0x1488,15,,**間違い1,
06192.sfm,0x1498,15,,**間違い2,
06192.sfm,0x14A8,15,,**間違い3,
06192.sfm,0x14B8,15,,**間違い4,
06192.sfm,0x14C8,15,,**間違い5,
06192.sfm,0x14D8,15,,**間違い6,
06192.sfm,0x14E8,31,,**間違い7,
06192.sfm,0x1508,15,,**間違いです1,
06192.sfm,0x1518,15,,**間違いです2,
06192.sfm,0x1528,15,,**間違いです3,
06192.sfm,0x1538,15,,**間違いです4,
06192.sfm,0x1548,15,,**間違いです5,
06192.sfm,0x1558,15,,**間違いです6,
06192.sfm,0x1568,15,,**間違いです7,
06192.sfm,0x157E,18,,「せいかい」を選べ,
06192.sfm,0x159A,8,,せいかい,
06192.sfm,0x15A3,10,,まちがい１,
06192.sfm,0x15AE,10,,まちがい２,
06192.sfm,0x15B9,10,,まちがい３,
06192.sfm,0x15C4,12,,せいかいです,
06192.sfm,0x15D1,14,,まちがい１です,
06192.sfm,0x15E0,14,,まちがい２です,
06192.sfm,0x15EF,14,,まちがい３です,
06192.sfm,0x15FE,8,,違います,
06192.sfm,0x1607,85,,"空中都市「ヘルレイオス」内部を
先に進むためには、
パスワードが必要だった
その言葉は？",
06192.sfm,0x1666,8,,かくめい,
06192.sfm,0x166F,8,,かくだい,
06192.sfm,0x1678,6,,正解だ,
06192.sfm,0x167F,12,,拡大？違うな,
06192.sfm,0x168C,8,,ダメだな,
06192.sfm,0x1695,89,,"王都ハイデルベルグで
武器・防具などの装備品の
材料として、好んで使われていた
金属の名は？",
06192.sfm,0x16F8,8,,ミスリル,
06192.sfm,0x1701,90,,"モリュウ領では、 
渡しぶね屋でボートに乗って
街の水路を移動できた
この渡しぶね屋の名前は？",
06192.sfm,0x176B,14,,ぴろんボート店,
06192.sfm,0x177A,6,,**問題,
06192.sfm,0x1781,6,,**正解,
06192.sfm,0x1788,10,,**正解です,
06193.sfm,0x1488,15,,**間違い1,
06193.sfm,0x1498,15,,**間違い2,
06193.sfm,0x14A8,15,,**間違い3,
06193.sfm,0x14B8,15,,**間違い4,
06193.sfm,0x14C8,15,,**間違い5,
06193.sfm,0x14D8,15,,**間違い6,
06193.sfm,0x14E8,31,,**間違い7,
06193.sfm,0x1508,15,,**間違いです1,
06193.sfm,0x1518,15,,**間違いです2,
06193.sfm,0x1528,15,,**間違いです3,
06193.sfm,0x1538,15,,**間違いです4,
06193.sfm,0x1548,15,,**間違いです5,
06193.sfm,0x1558,15,,**間違いです6,
06193.sfm,0x1568,15,,**間違いです7,
06193.sfm,0x157E,18,,「せいかい」を選べ,
06193.sfm,0x159A,8,,せいかい,
06193.sfm,0x15A3,10,,まちがい１,
06193.sfm,0x15AE,10,,まちがい２,
06193.sfm,0x15B9,10,,まちがい３,
06193.sfm,0x15C4,12,,せいかいです,
06193.sfm,0x15D1,14,,まちがい１です,
06193.sfm,0x15E0,14,,まちがい２です,
06193.sfm,0x15EF,14,,まちがい３です,
06193.sfm,0x15FE,8,,違います,
06193.sfm,0x1640,6,,カケラ,
06193.sfm,0x1647,8,,正解だね,
06193.sfm,0x1650,16,,わからないかい？,
06193.sfm,0x1661,6,,**問題,
06193.sfm,0x1668,6,,**正解,
06193.sfm,0x166F,10,,**正解です,
06194.sfm,0x1488,15,,**間違い1,
06194.sfm,0x1498,15,,**間違い2,
06194.sfm,0x14A8,15,,**間違い3,
06194.sfm,0x14B8,15,,**間違い4,
06194.sfm,0x14C8,15,,**間違い5,
06194.sfm,0x14D8,15,,**間違い6,
06194.sfm,0x14E8,31,,**間違い7,
06194.sfm,0x1508,15,,**間違いです1,
06194.sfm,0x1518,15,,**間違いです2,
06194.sfm,0x1528,15,,**間違いです3,
06194.sfm,0x1538,15,,**間違いです4,
06194.sfm,0x1548,15,,**間違いです5,
06194.sfm,0x1558,15,,**間違いです6,
06194.sfm,0x1568,15,,**間違いです7,
06194.sfm,0x157E,18,,「せいかい」を選べ,
06194.sfm,0x159A,8,,せいかい,
06194.sfm,0x15A3,10,,まちがい１,
06194.sfm,0x15AE,10,,まちがい２,
06194.sfm,0x15B9,10,,まちがい３,
06194.sfm,0x15C4,12,,せいかいです,
06194.sfm,0x15D1,14,,まちがい１です,
06194.sfm,0x15E0,14,,まちがい２です,
06194.sfm,0x15EF,14,,まちがい３です,
06194.sfm,0x15FE,8,,違います,
06194.sfm,0x1607,97,,"テイルズシリーズの、ゲーム内の
アニメーションパートを
手がけている
アニメプロダクションの名前は？",
06194.sfm,0x167E,20,,プロダクションＩ．Ｇ,
06194.sfm,0x1693,72,,"ハイクオリティなアニメ作品で
国内外から注目を集めている
プロダクションよ",
06194.sfm,0x16DC,6,,ダメね,
06194.sfm,0x16E3,101,,"テイルズオブエターニア The Animation
からの出題よ
この作品中で、リッドたちが
滞在していた島の名前は？",
06194.sfm,0x1758,14,,ベルカーニュ島,
06194.sfm,0x1767,101,,"暖かい気候で、自然豊かな島ね
独立国家を形成していて
インフェリア王国とは違う
南国風の文化を持ってるわ",
06194.sfm,0x1834,6,,もとい,
06194.sfm,0x183B,101,,"テイルズシリーズの音楽のほか
ＴＶドラマのＢＧＭや
テイルズ以外のゲームの音楽も
数多く手がける作曲家よ",
06194.sfm,0x18A1,6,,**問題,
06194.sfm,0x18A8,6,,**正解,
06194.sfm,0x18AF,10,,**正解です,
06195.sfm,0x1488,15,,**間違い1,
06195.sfm,0x1498,15,,**間違い2,
06195.sfm,0x14A8,15,,**間違い3,
06195.sfm,0x14B8,15,,**間違い4,
06195.sfm,0x14C8,15,,**間違い5,
06195.sfm,0x14D8,15,,**間違い6,
06195.sfm,0x14E8,31,,**間違い7,
06195.sfm,0x1508,15,,**間違いです1,
06195.sfm,0x1518,15,,**間違いです2,
06195.sfm,0x1528,15,,**間違いです3,
06195.sfm,0x1538,15,,**間違いです4,
06195.sfm,0x1548,15,,**間違いです5,
06195.sfm,0x1558,15,,**間違いです6,
06195.sfm,0x1568,15,,**間違いです7,
06195.sfm,0x157E,18,,「せいかい」を選べ,
06195.sfm,0x159A,8,,せいかい,
06195.sfm,0x15A3,10,,まちがい１,
06195.sfm,0x15AE,10,,まちがい２,
06195.sfm,0x15B9,10,,まちがい３,
06195.sfm,0x15C4,12,,せいかいです,
06195.sfm,0x15D1,14,,まちがい１です,
06195.sfm,0x15E0,14,,まちがい２です,
06195.sfm,0x15EF,14,,まちがい３です,
06195.sfm,0x15FE,8,,違います,
06195.sfm,0x1607,6,,**問題,
06195.sfm,0x160E,6,,**正解,
06195.sfm,0x1615,10,,**正解です,
06196.sfm,0x160C,15,,**間違いです1,
06196.sfm,0x161C,15,,**間違いです2,
06196.sfm,0x162C,15,,**間違いです3,
06196.sfm,0x163C,15,,**間違いです4,
06196.sfm,0x164C,15,,**間違いです5,
06196.sfm,0x165C,15,,**間違いです6,
06196.sfm,0x166C,15,,**間違いです7,
06196.sfm,0x1687,18,,「せいかい」を選べ,
06196.sfm,0x169A,12,,せいかいです,
06196.sfm,0x16A7,8,,違います,
06196.sfm,0x16B0,8,,時間切れ,
06196.sfm,0x16B9,6,,**問題,
06196.sfm,0x16C0,10,,**正解です,
06197.sfm,0x160C,15,,**間違いです1,
06197.sfm,0x161C,15,,**間違いです2,
06197.sfm,0x162C,15,,**間違いです3,
06197.sfm,0x163C,15,,**間違いです4,
06197.sfm,0x164C,15,,**間違いです5,
06197.sfm,0x165C,15,,**間違いです6,
06197.sfm,0x166C,15,,**間違いです7,
06197.sfm,0x1687,18,,「せいかい」を選べ,
06197.sfm,0x169A,12,,せいかいです,
06197.sfm,0x16A7,8,,違います,
06197.sfm,0x16B0,8,,時間切れ,
06197.sfm,0x16B9,47,,"スタンさんとルーティさんが
活躍したのは何年前？",
06197.sfm,0x16E9,24,,これは間違えられないだろ,
06197.sfm,0x1702,8,,違うって,
06197.sfm,0x170B,10,,時間切れだ,
06197.sfm,0x1716,26,,ソーディアンは全部で何本？,
06197.sfm,0x1731,64,,"ラグナ遺跡の巨大レンズは
どのくらいの価値があると
言われている？",
06197.sfm,0x1772,16,,結構な値段だよな,
06197.sfm,0x1783,6,,**問題,
06197.sfm,0x178A,10,,**正解です,
06198.sfm,0x160C,15,,**間違いです1,
06198.sfm,0x161C,15,,**間違いです2,
06198.sfm,0x162C,15,,**間違いです3,
06198.sfm,0x163C,15,,**間違いです4,
06198.sfm,0x164C,15,,**間違いです5,
06198.sfm,0x165C,15,,**間違いです6,
06198.sfm,0x166C,15,,**間違いです7,
06198.sfm,0x1687,18,,「せいかい」を選べ,
06198.sfm,0x169A,12,,せいかいです,
06198.sfm,0x16A7,8,,違います,
06198.sfm,0x16B0,8,,時間切れ,
06198.sfm,0x16B9,6,,**問題,
06198.sfm,0x16C0,10,,**正解です,
06199.sfm,0x160C,15,,**間違いです1,
06199.sfm,0x161C,15,,**間違いです2,
06199.sfm,0x162C,15,,**間違いです3,
06199.sfm,0x163C,15,,**間違いです4,
06199.sfm,0x164C,15,,**間違いです5,
06199.sfm,0x165C,15,,**間違いです6,
06199.sfm,0x166C,15,,**間違いです7,
06199.sfm,0x1687,18,,「せいかい」を選べ,
06199.sfm,0x169A,12,,せいかいです,
06199.sfm,0x16A7,8,,違います,
06199.sfm,0x16B0,8,,時間切れ,
06199.sfm,0x16B9,49,,"セレシーアジトとインシーアジト
合計でいくつある？",
06199.sfm,0x16EB,8,,正解だよ,
06199.sfm,0x16F4,6,,違うよ,
06199.sfm,0x16FB,12,,時間切れだね,
06199.sfm,0x1708,45,,"放浪の画家リシテア、合わせて
何ヶ所に現れる？",
06199.sfm,0x1736,72,,"ウルタス・ブイでアナの
「ルーカスったら、許さなくてよ」
の台詞は第何幕？",
06199.sfm,0x177F,53,,"カードゲームの「ウィス」で
カードは全部で何種類ある？",
06199.sfm,0x17B5,6,,**問題,
06199.sfm,0x17BC,10,,**正解です,
06200.sfm,0x160C,15,,**間違いです1,
06200.sfm,0x161C,15,,**間違いです2,
06200.sfm,0x162C,15,,**間違いです3,
06200.sfm,0x163C,15,,**間違いです4,
06200.sfm,0x164C,15,,**間違いです5,
06200.sfm,0x165C,15,,**間違いです6,
06200.sfm,0x166C,15,,**間違いです7,
06200.sfm,0x1687,18,,「せいかい」を選べ,
06200.sfm,0x169A,12,,せいかいです,
06200.sfm,0x16A7,8,,違います,
06200.sfm,0x16B0,8,,時間切れ,
06200.sfm,0x16B9,6,,**問題,
06200.sfm,0x16C0,10,,**正解です,
06201.sfm,0x160C,15,,**間違いです1,
06201.sfm,0x161C,15,,**間違いです2,
06201.sfm,0x162C,15,,**間違いです3,
06201.sfm,0x163C,15,,**間違いです4,
06201.sfm,0x164C,15,,**間違いです5,
06201.sfm,0x165C,15,,**間違いです6,
06201.sfm,0x166C,15,,**間違いです7,
06201.sfm,0x1687,18,,「せいかい」を選べ,
06201.sfm,0x169A,12,,せいかいです,
06201.sfm,0x16A7,8,,違います,
06201.sfm,0x16B0,8,,時間切れ,
06201.sfm,0x16B9,74,,"<Harold>がダイクロフトの
制御を乗っ取るまで、<Kyle>
たちがかせいだ時間は何分？",
06201.sfm,0x1704,6,,正解！,
06201.sfm,0x170B,8,,違うよ！,
06201.sfm,0x1714,14,,時間切れだよ！,
06201.sfm,0x1723,28,,記憶陣の周りに飛ぶ光の数は？,
06201.sfm,0x1740,62,,"戦闘の一番難しい難易度を
遊ぶためには、グレードが
いくつ必要？",
06201.sfm,0x177F,26,,よくこんなに戦ったよな････,
06201.sfm,0x179A,6,,違うよ,
06201.sfm,0x17A1,64,,"戦闘の難易度で「ハード」を
遊ぶためには、グレードが
いくつ必要？",
06201.sfm,0x17E2,18,,よく戦ったよな････,
06201.sfm,0x17F5,64,,"戦闘の難易度で「マニア」を
遊ぶためには、グレードが
いくつ必要？",
06201.sfm,0x1836,61,,"エルレインに作り変えられた現代に
ドーム型の街はいくつあった？",
06201.sfm,0x1874,41,,"ライフボトルを十五個買うと
いくらになる？",
06201.sfm,0x189E,26,,よくおせわになったなぁ････,
06201.sfm,0x18B9,79,,"「海鮮カレー」のレシピを売ってるシェフが
いたけど、何ガルドで売ってたんだっけ？",
06201.sfm,0x1909,31,,"正解！
ちょっと高かったよねぇ？",
06201.sfm,0x1929,77,,"「おにぎり」のレシピを売ってるシェフが
いたけど、何ガルドで売ってたんだっけ？",
06201.sfm,0x1977,77,,"「一夜漬け」のレシピを売ってるシェフが
いたけど、何ガルドで売ってたんだっけ？",
06201.sfm,0x19C5,75,,"「お刺身」のレシピを売ってるシェフが
いたけど、何ガルドで売ってたんだっけ？",
06201.sfm,0x1A11,73,,"「肉鍋」のレシピを売ってるシェフが
いたけど、何ガルドで売ってたんだっけ？",
06201.sfm,0x1A5B,77,,"「エビチリ」のレシピを売ってるシェフが
いたけど、何ガルドで売ってたんだっけ？",
06201.sfm,0x1AA9,21,,"正解！
高かったよね？",
06201.sfm,0x1ABF,6,,**問題,
06201.sfm,0x1AC6,10,,**正解です,
06203.sfm,0x44,26,,テイルズオブデスティニー２,
06203.sfm,0x5F,24,,テイルズオブデスティニー,
06203.sfm,0x78,24,,テイルズオブファンタジア,
06203.sfm,0x91,22,,テイルズオブエターニア,
06203.sfm,0xA8,12,,いろいろ････,
06203.sfm,0xB5,35,,テイルズオブデスティニー２オブ<Kyle>,
06203.sfm,0xE2,25,,"あれ？
この本、白紙だ････",
06203.sfm,0xFC,41,,"セーブファイルが古いか
データの改造か････",
06203.sfm,0x126,30,,もしかして<03:00000010>････<03:00000004>バグ？,
06203.sfm,0x145,56,,"どのクイズをやろうかな？
<03:00000000><size:000000C0>（<button:00000036>でキャンセル）",
06203.sfm,0x183,17,,"よし！
「%s」だ！",
06203.sfm,0x195,16,,やっぱりやめよう,
06203.sfm,0x1A6,6,yes,やめる,
06203.sfm,0x1AD,8,yes,やめない,
06203.sfm,0x1B6,27,yes," %sは
 称号「%s」を得ました",
06203.sfm,0x1D2,26,,楽しいクイズの始まりだぜ！,
06203.sfm,0x1ED,20,,ふぅ････いい汗かいた,
06203.sfm,0x202,50,yes,"<size:00000180>今はクイズをできません
 
<button:00000035><button:00000036>本を閉じる",
06222.sfm,0x1B4,10,,クオックス,
06222.sfm,0x1BF,16,,グリーンドラゴン,
06222.sfm,0x1D0,10,,クラックス,
06222.sfm,0x1DB,10,,グリフォン,
06222.sfm,0x1E6,12,,レヴィアタン,
06222.sfm,0x1F3,12,,シーラカンス,
06222.sfm,0x200,33,,"このモンスターがなにか
わかるか？",
06222.sfm,0x222,6,,やるな,
06222.sfm,0x229,8,,あまいな,
06222.sfm,0x232,4,yes,フッ,
06222.sfm,0x237,200,,反応があまいっ,
06223.sfm,0x1B4,18,,イクティノスの部屋,
06223.sfm,0x1C7,16,,ディムロスの部屋,
06223.sfm,0x1D8,14,,カーレルの部屋,
06223.sfm,0x1E7,6,,発令所,
06223.sfm,0x1EE,12,,一般兵の部屋,
06223.sfm,0x1FB,11,,<Harold>の部屋,
06223.sfm,0x207,24,,ここはどんな部屋だっけ？,
06223.sfm,0x220,48,,"正解！
情報戦が得意なだけあって
知的な部屋だよね",
06223.sfm,0x251,50,,"はずれ
ディムロスさんの部屋は
もう少し広かったかな",
06223.sfm,0x284,19,,"はずれ
似てるけどね",
06223.sfm,0x298,33,,"いくらなんでも
それはないだろー！",
06223.sfm,0x2BA,27,,"それにしちゃ
豪華すぎない？",
06223.sfm,0x2D6,34,,"<Harold>の部屋にしちゃ
普通すぎない？",
06223.sfm,0x2F9,262,,"残念、時間切れ
ちょっと難しかったかな？",
06224.sfm,0x1B4,18,,ハーメルの町を襲撃,
06224.sfm,0x1C7,20,,トーティスの村を襲撃,
06224.sfm,0x1DC,16,,世界を崩壊させた,
06224.sfm,0x200,18,,せっけんを発明した,
06224.sfm,0x213,18,,ダオスを復活させた,
06224.sfm,0x226,33,,"この人が
したことはなんでしょう？",
06224.sfm,0x248,48,,"正解！
そのときにアーチェの親友の
リアさんも････",
06224.sfm,0x279,21,,"違うわ
それは別の人よ",
06224.sfm,0x28F,6,,違うわ,
06224.sfm,0x296,27,,"違うわ
それも怖いけれど････",
06224.sfm,0x2B2,33,,"違うわ
････役に立った人じゃないわ",
06224.sfm,0x2D4,26,,そこまではしてないけど････,
06224.sfm,0x2EF,272,,残念、時間切れね････,
06225.sfm,0x1B4,4,, １ ,
06225.sfm,0x1B9,4,, ２ ,
06225.sfm,0x1BE,4,, ３ ,
06225.sfm,0x1C3,4,, ４ ,
06225.sfm,0x1C8,52,,"次のモンスターの
うち「メディウム」
はどれでしょう？",
06225.sfm,0x1FD,23,,"正解！
よく見分けたわね",
06225.sfm,0x215,27,yes,"違うわ
もうちょっとよく見て",
06225.sfm,0x231,206,,"時間切れね
まぎらわしかったかしら？",
06226.sfm,0x1B4,4,, ４ ,
06226.sfm,0x1B9,4,, １ ,
06226.sfm,0x1BE,4,, ２ ,
06226.sfm,0x1C3,4,, ３ ,
06226.sfm,0x1C8,59,,"次のモンスターの
うち
「アパッチドクター」
はどれでしょう？",
06226.sfm,0x204,23,,"正解！
よく見分けたわね",
06226.sfm,0x21C,27,yes,"違うわ
もうちょっとよく見て",
06226.sfm,0x238,199,,"時間切れね
まぎらわしかったかしら？",
06227.sfm,0x1B4,8,,あってる,
06227.sfm,0x1BD,16,,ビーフがいらない,
06227.sfm,0x1CE,16,,チーズがいらない,
06227.sfm,0x1DF,18,,ブレッドがいらない,
06227.sfm,0x1F2,16,,ライスが足りない,
06227.sfm,0x203,8,,全部違う,
06227.sfm,0x20C,68,,"この料理に必要な食材は
ビーフ、チーズ、ブレッド
で、あってるかしら？",
06227.sfm,0x251,56,,"正解！
食べ物の事となると
ちゃんと答えられるのね、ふふっ",
06227.sfm,0x28A,29,yes,"違うわ
それじゃ美味しくないわ",
06227.sfm,0x2A8,22,,ごはんに合うのかしら？,
06227.sfm,0x2BF,20,,何を作るつもりなの？,
06227.sfm,0x2D4,299,,"いつも食べてばかりじゃなくて
料理の勉強もしましょう",
06228.sfm,0x1B4,12,,マンゴスチン,
06228.sfm,0x1C1,8,,にんじん,
06228.sfm,0x1CA,12,,アップルグミ,
06228.sfm,0x1D7,6,,たまご,
06228.sfm,0x1DE,10,,さくらんぼ,
06228.sfm,0x1E9,4,,あじ,
06228.sfm,0x1EE,44,,"次のうち
この料理に使える
食材は何でしょう？",
06228.sfm,0x21B,54,,"正解！
他にもいろいろな
フルーツを入れると美味しいわよ",
06228.sfm,0x252,27,,"違うわ
サラダになっちゃうわ",
06228.sfm,0x26E,48,,"違うわ
トッピングとしては
面白いと思うけれど････",
06228.sfm,0x29F,29,,"違うわ
プリンでも作るつもり？",
06228.sfm,0x2BD,52,,"････う～ん、
そういう食材は
出てこないんだけれど････",
06228.sfm,0x2F2,23,,"食べたくないわ････
それ",
06228.sfm,0x30A,245,,"時間切れね
これを機会に料理の勉強を
してみない？",
06229.sfm,0x1B4,12,,ペスカトーレ,
06229.sfm,0x1C1,10,,ナポリタン,
06229.sfm,0x1CC,8,,グラタン,
06229.sfm,0x1D5,8,,おさしみ,
06229.sfm,0x1DE,12,,サンドイッチ,
06229.sfm,0x1EB,14,,フルーツポンチ,
06229.sfm,0x1FA,28,,この料理の名前は何でしょう？,
06229.sfm,0x217,27,,"正解！
豪華なパスタ料理よね",
06229.sfm,0x233,52,,"惜しいわ
パスタ料理というのは
あってるんだけれど････",
06229.sfm,0x268,31,,"違うわ
えびは共通してるけれどね",
06229.sfm,0x288,6,,違うわ,
06229.sfm,0x28F,27,,"････パンに
はさんでないわよ",
06229.sfm,0x2AB,19,,"デザートなの？
これ",
06229.sfm,0x2BF,64,,"料理の名前くらい
覚えましょう",
06230.sfm,0x1B4,12,,顔が変になる,
06230.sfm,0x1C1,8,,恋が実る,
06230.sfm,0x1CA,18,,見えない敵が見える,
06230.sfm,0x1DD,10,,姿が消える,
06230.sfm,0x1E8,12,,光を反射する,
06230.sfm,0x1F5,8,,瞬間移動,
06230.sfm,0x1FE,14,,攻撃力が上がる,
06230.sfm,0x20D,14,,防御力が上がる,
06230.sfm,0x21C,33,,"このアイテムの
効果は何でしょう？",
06230.sfm,0x23E,67,,"正解！
ステータス画面の顔が
おかしくなるの
ふふっ、変なアイテムよね",
06230.sfm,0x282,38,,"違うわ
････そういうのに
興味があるの？",
06230.sfm,0x2A9,31,,"違うわ
そんなに実用的じゃないわ",
06230.sfm,0x2C9,6,,違うわ,
06230.sfm,0x2D0,35,,"違うわ
それじゃただの鏡じゃない････",
06230.sfm,0x2F4,267,,ちょっと難しかったかしら？,
06231.sfm,0x1B4,12,,空を飛ぶもの,
06231.sfm,0x1C1,14,,料理を作るもの,
06231.sfm,0x1D0,18,,祈りをささげる道具,
06231.sfm,0x1E3,14,,寝るためのもの,
06231.sfm,0x1F2,10,,防具の一種,
06231.sfm,0x1FD,16,,犯人を当てるもの,
06231.sfm,0x20E,33,,"この道具は
何に使うものでしょう？",
06231.sfm,0x230,29,,"正解！
名前は「レアバード」ね",
06231.sfm,0x24E,36,,"違うわ
食べることしか
考えてないの？",
06231.sfm,0x273,6,,違うわ,
06231.sfm,0x27A,39,,"違うわ
<Kyle>はいつも
寝てばっかりなのね",
06231.sfm,0x2A2,25,,"違うわ
もっと大きなものよ",
06231.sfm,0x2BC,16,,････どうやって？,
06231.sfm,0x2CD,50,,時間切れよ,
06232.sfm,0x1B4,14,,エプロンドレス,
06232.sfm,0x1C3,10,,フライパン,
06232.sfm,0x1CE,6,,子供服,
06232.sfm,0x1D5,14,,マーボーカレー,
06232.sfm,0x1E4,6,,リボン,
06232.sfm,0x1EB,6,,調味料,
06232.sfm,0x1F2,58,,"リリスさんの家の
このタンスに入ってる物
なんだかわかるか？",
06232.sfm,0x22D,47,,"そうそう、そうだったよな！
よく似合いそうだよな",
06232.sfm,0x25D,39,,"こんなとこには
入ってねぇんじゃないか？",
06232.sfm,0x285,20,,ちょっと惜しいかもな,
06232.sfm,0x29A,22,,ど、どうやってだよ！？,
06232.sfm,0x2B1,14,,う～ん、違うな,
06232.sfm,0x2C0,12,,なんでだよ！,
06232.sfm,0x2CD,306,,"まぁ、人様の家の物を
勝手にいじくりまわす趣味は
ない方がいいけどな",
06233.sfm,0x1B4,10,,オウルベア,
06233.sfm,0x1BF,14,,カンバラーベア,
06233.sfm,0x1CE,10,,エッグベア,
06233.sfm,0x1D9,12,,ビッグフット,
06233.sfm,0x1E6,60,,"俺と<Kyle>が
一番最初に戦った
このモンスターの名前
わかるか？",
06233.sfm,0x223,26,,よくおぼえてたじゃねぇか！,
06233.sfm,0x23E,8,,惜しい！,
06233.sfm,0x247,20,,試練を乗り越えるんだ,
06233.sfm,0x25C,26,,クレスタ周辺にはいないよな,
06233.sfm,0x277,136,,"俺が大活躍しすぎたせいで
忘れちまったのか？",
06234.sfm,0x1B4,14,,ハイデルベルグ,
06234.sfm,0x1C3,12,,スノーフリア,
06234.sfm,0x1D0,10,,ペイルティ,
06234.sfm,0x1DB,12,,アイグレッテ,
06234.sfm,0x1E8,8,,クレスタ,
06234.sfm,0x1F1,8,,チェリク,
06234.sfm,0x1FA,14,,ダリルシェイド,
06234.sfm,0x209,14,,ノイシュタット,
06234.sfm,0x218,25,,"この街
どこだかわかるか？",
06234.sfm,0x232,35,,"そうそう
あったよな、こんなところ！",
06234.sfm,0x256,55,,"まぁ、雪が積もってるって
とこまでは当たってるんだけどな",
06234.sfm,0x28E,37,,"根本的に何か
間違ってる気がするぜ････",
06234.sfm,0x2B4,20,,雪は降ってなかったぜ,
06234.sfm,0x2C9,47,,"オイオイ
俺達の住む街にこんな場所なかっただろ？",
06234.sfm,0x2F9,18,,むしろ暑い地方だぜ,
06234.sfm,0x30C,10,,違うよな！,
06234.sfm,0x317,14,,よく見るんだ！,
06234.sfm,0x326,217,,よぉく見りゃわかるぜ！,
06235.sfm,0x1B4,8,,イレーヌ,
06235.sfm,0x1BD,8,,ヒューゴ,
06235.sfm,0x1C6,10,,ミクトラン,
06235.sfm,0x1D1,8,,バルック,
06235.sfm,0x1DA,61,,"オベロン社廃坑の
奥にあった
この石碑の文章は
誰によるものだ？",
06235.sfm,0x218,29,,"ちゃーんと
覚えてるようだな！",
06235.sfm,0x236,14,,違うんだよな～,
06235.sfm,0x245,16,,あぁ、違う違う！,
06235.sfm,0x256,18,,おいおい、違うって,
06235.sfm,0x269,150,,まさか、おぼえてないのか！？,
06236.sfm,0x1B4,14,,アクアヴェイル,
06236.sfm,0x1C3,14,,ハイデルベルグ,
06236.sfm,0x1D2,14,,ダリルシェイド,
06236.sfm,0x1E1,12,,アイグレッテ,
06236.sfm,0x1EE,12,,スノーフリア,
06236.sfm,0x1FB,6,,リーネ,
06236.sfm,0x202,57,,"クレスタの雑貨屋・装備品屋にある
このミソの産地はどこだ？",
06236.sfm,0x23C,48,,"正解だぜ！
よくおぼえてたじゃねぇか！
やるな！！",
06236.sfm,0x26D,35,,"あの気候じゃ
難しそうに見えるよなぁ",
06236.sfm,0x291,16,,残念だが違うぜ！,
06236.sfm,0x2A2,8,,違うぞ！,
06236.sfm,0x2AB,24,,魚なら豊富かもしれねぇな,
06236.sfm,0x2C4,42,,"違うな！
野菜は豊富に取れる
ところだけどな",
06236.sfm,0x2EF,272,,"覚えてなかったか？
時間切れだぜ",
06237.sfm,0x1B4,6,,マリー,
06237.sfm,0x1BB,8,,ルーティ,
06237.sfm,0x1C4,10,,エルレイン,
06237.sfm,0x1CF,6,,スタン,
06237.sfm,0x1E2,8,,フィリア,
06237.sfm,0x1EB,10,,コングマン,
06237.sfm,0x1F6,75,,"デュナミス孤児院に
あったこのくまの
ぬいぐるみを作ったのは
誰だかわかるか？",
06237.sfm,0x242,39,,"よく知ってたな！
俺も忘れてたぐらいだぜ",
06237.sfm,0x26A,39,,"ルーティさんには
真似できない芸当かもな",
06237.sfm,0x292,26,,人々の幸福のためってか！？,
06237.sfm,0x2AD,39,,"作ってるの見たことあるとでも
言うのか？",
06237.sfm,0x2D5,24,,"<Kyle>････
嘘はいけないぜ",
06237.sfm,0x2EE,20,,お前、夢見てるぜ････,
06237.sfm,0x303,29,,"作ってても
おかしくないけどな",
06237.sfm,0x326,217,,"以外と知られてないもんなぁ
仕方ないか",
06238.sfm,0x1B4,10,,ヴァサーゴ,
06238.sfm,0x1BF,10,,ヴァーサゴ,
06238.sfm,0x1CA,10,,ヴァサゴー,
06238.sfm,0x1D5,10,,ウァサーゴ,
06238.sfm,0x1E0,10,,ヴァゴーサ,
06238.sfm,0x1EB,10,,ヴァサゴン,
06238.sfm,0x1F6,12,,ウァサーゴン,
06238.sfm,0x203,12,,ヴァーサゴン,
06238.sfm,0x210,69,,"ダリルシェイド地下水道に
でてくる
このモンスターの
名前って何だった？",
06238.sfm,0x256,18,,よくわかったなぁ！,
06238.sfm,0x269,29,,"間違っておぼえてる
みたいだぞ",
06238.sfm,0x287,6,,違うな,
06238.sfm,0x28E,12,,よぉく見ろ？,
06238.sfm,0x29B,27,,"わざと
････じゃないよなぁ？",
06238.sfm,0x2B7,20,,どこの怪獣の名前だ？,
06238.sfm,0x2CC,18,,ぜーんぜん違うぜ！,
06238.sfm,0x2DF,31,,"かなり正解から遠いと
思うぞ････",
06238.sfm,0x2FF,256,,"どうした！
見分けがつかないのか？",
06239.sfm,0x1B4,4,, １ ,
06239.sfm,0x1B9,4,, ２ ,
06239.sfm,0x1BE,4,, ３ ,
06239.sfm,0x1C3,4,, ４ ,
06239.sfm,0x1C8,4,, ５ ,
06239.sfm,0x1CD,4,, ６ ,
06239.sfm,0x1D2,4,, ７ ,
06239.sfm,0x1D7,4,, ８ ,
06239.sfm,0x1DC,26,,"どれが<Kyle>か
わかるかな？",
06239.sfm,0x1F7,21,,"シェフに
なりたいのか",
06239.sfm,0x20D,21,yes,"まーだまだ
あまいねー",
06239.sfm,0x223,12,,これは俺だっ,
06239.sfm,0x230,16,,ビンゴーーーーー,
06239.sfm,0x241,10,,おしーなー,
06239.sfm,0x24C,179,,"どうした
疲れたのか
おぶってやろうか？",
06240.sfm,0x1B4,4,, １ ,
06240.sfm,0x1B9,4,, ２ ,
06240.sfm,0x1BE,4,, ３ ,
06240.sfm,0x1C3,4,, ４ ,
06240.sfm,0x1C8,4,, ５ ,
06240.sfm,0x1CD,4,, ６ ,
06240.sfm,0x1D2,4,, ７ ,
06240.sfm,0x1D7,4,, ８ ,
06240.sfm,0x1DC,26,,"どれが<Kyle>か
わかるかな？",
06240.sfm,0x1F7,10,,おしーなー,
06240.sfm,0x202,12,yes,これは俺だっ,
06240.sfm,0x20F,21,yes,"まーだまだ
あまいねー",
06240.sfm,0x225,16,,ビンゴーーーーー,
06240.sfm,0x236,201,,"どうした
疲れたのか
おぶってやろうか？",
06241.sfm,0x1B4,4,, １ ,
06241.sfm,0x1B9,4,, ２ ,
06241.sfm,0x1BE,4,, ３ ,
06241.sfm,0x1C3,4,, ４ ,
06241.sfm,0x1C8,4,, ５ ,
06241.sfm,0x1CD,4,, ６ ,
06241.sfm,0x1D2,4,, ７ ,
06241.sfm,0x1D7,4,, ８ ,
06241.sfm,0x1DC,26,,"どれが<Kyle>か
わかるかな？",
06241.sfm,0x1F7,21,,"シェフに
なりたいのか",
06241.sfm,0x20D,21,yes,"まーだまだ
あまいねー",
06241.sfm,0x223,10,,おしーなー,
06241.sfm,0x22E,16,,ビンゴーーーーー,
06241.sfm,0x23F,192,,"どうした
疲れたのか
おぶってやろうか？",
06242.sfm,0xB4,24,,このアイテムは何か答えよ,
06242.sfm,0xCD,4,,残念,
06242.sfm,0xD2,6,,正解！,
06242.sfm,0xD9,8,,時間切れ,
06242.sfm,0xE2,28,,このアイテムの名前はなんだ？,
06242.sfm,0xFF,8,,違うよ！,
06242.sfm,0x108,12,,時間切れだよ,
06242.sfm,0x115,34,,このアイテムの名前はなんでしょう？,
06242.sfm,0x138,6,,違うわ,
06242.sfm,0x13F,6,,正解ね,
06242.sfm,0x146,10,,時間切れよ,
06242.sfm,0x151,20,,このアイテムは何だ？,
06242.sfm,0x166,8,,違うって,
06242.sfm,0x16F,8,,正解だ！,
06242.sfm,0x178,12,,時間切れだな,
06242.sfm,0x185,6,,違う！,
06242.sfm,0x18C,10,,時間切れだ,
06242.sfm,0x197,30,,このアイテムは何かわかるかい？,
06242.sfm,0x1B6,6,,違うよ,
06242.sfm,0x1BD,10,,正解だよ！,
06242.sfm,0x1C8,12,,時間切れだね,
06242.sfm,0x1D5,10,,間違いだわ,
06242.sfm,0x1E0,8,,正解ね！,
06242.sfm,0x1E9,10,,時間切れね,
06243.sfm,0xBE,10,,この曲は？,
06243.sfm,0xC9,4,,残念,
06243.sfm,0xCE,6,,正解！,
06243.sfm,0xD5,8,,時間切れ,
06243.sfm,0xDE,16,,この曲はなんだ？,
06243.sfm,0xEF,6,,違うよ,
06243.sfm,0xF6,12,,時間切れだね,
06243.sfm,0x103,28,,この曲の名前はなんでしょう？,
06243.sfm,0x120,6,,違うわ,
06243.sfm,0x127,6,,正解ね,
06243.sfm,0x12E,10,,時間切れね,
06243.sfm,0x139,22,,この曲の名前はなんだ？,
06243.sfm,0x150,8,,違うって,
06243.sfm,0x159,8,,正解だ！,
06243.sfm,0x162,12,,時間切れだな,
06243.sfm,0x16F,16,,この曲の名前は？,
06243.sfm,0x180,6,,違う！,
06243.sfm,0x187,6,,正解だ,
06243.sfm,0x18E,10,,時間切れだ,
06243.sfm,0x199,24,,この曲は何かわかるかい？,
06243.sfm,0x1B2,8,,正解だよ,
06243.sfm,0x1BB,16,,この曲名を答えよ,
06243.sfm,0x1CC,8,,違うわね,
06243.sfm,0x1D5,8,,正解ね！,
06244.sfm,0xBE,12,,この音は何？,
06244.sfm,0xCB,4,,残念,
06244.sfm,0xD0,6,,正解！,
06244.sfm,0xD7,8,,時間切れ,
06244.sfm,0xE0,16,,この音は何の音？,
06244.sfm,0xF1,6,,違うよ,
06244.sfm,0xF8,12,,時間切れだね,
06244.sfm,0x105,24,,この音は何の音でしょう？,
06244.sfm,0x11E,6,,違うわ,
06244.sfm,0x125,6,,正解ね,
06244.sfm,0x12C,10,,時間切れね,
06244.sfm,0x137,14,,この音は何だ？,
06244.sfm,0x146,8,,違うって,
06244.sfm,0x14F,8,,正解だ！,
06244.sfm,0x158,12,,時間切れだな,
06244.sfm,0x165,18,,この音は何の音だ？,
06244.sfm,0x178,6,,違う！,
06244.sfm,0x17F,6,,正解だ,
06244.sfm,0x186,10,,時間切れだ,
06244.sfm,0x191,28,,この音は何の音かわかるかい？,
06244.sfm,0x1AE,10,,正解だよ！,
06244.sfm,0x1B9,18,,この音は何か答えよ,
06244.sfm,0x1CC,8,,違うわね,
06245.sfm,0xBE,12,,この声は誰？,
06245.sfm,0xCB,4,,残念,
06245.sfm,0xD0,6,,正解！,
06245.sfm,0xD7,8,,時間切れ,
06245.sfm,0xE0,16,,この声は誰かな？,
06245.sfm,0xF1,6,,違うよ,
06245.sfm,0xF8,12,,時間切れだね,
06245.sfm,0x105,20,,この声は誰でしょう？,
06245.sfm,0x11A,6,,違うわ,
06245.sfm,0x121,6,,正解ね,
06245.sfm,0x128,10,,時間切れね,
06245.sfm,0x133,22,,この声は誰かわかるか？,
06245.sfm,0x14A,8,,違うって,
06245.sfm,0x153,6,,正解だ,
06245.sfm,0x15A,12,,時間切れだな,
06245.sfm,0x167,14,,この声は誰だ？,
06245.sfm,0x176,6,,違う！,
06245.sfm,0x17D,10,,時間切れだ,
06245.sfm,0x188,24,,この声は誰かわかるかい？,
06245.sfm,0x1A1,8,,正解だね,
06245.sfm,0x1AA,18,,この声は誰か答えよ,
06245.sfm,0x1BD,8,,違うわよ,
06245.sfm,0x1C6,16,,時間切れみたいね,
06252.sfm,0xC9,12,,これでどう？,
06252.sfm,0xD6,16,,え！もう終わり!?,
06252.sfm,0xE7,36,,アップルグミの色はどんな感じだった？,
06252.sfm,0x10C,6,,正解だ,
06252.sfm,0x113,8,,違うって,
06252.sfm,0x11C,12,,正解はこうだ,
06252.sfm,0x129,12,,時間切れだな,
06253.sfm,0xC9,12,,これでどう？,
06253.sfm,0xD6,16,,え！もう終わり!?,
06253.sfm,0xE7,34,,レモングミの色はどんな感じだった？,
06253.sfm,0x10A,6,,正解だ,
06253.sfm,0x111,8,,違うって,
06253.sfm,0x11A,12,,正解はこうだ,
06253.sfm,0x127,12,,時間切れだな,
06254.sfm,0xC9,12,,これでどう？,
06254.sfm,0xD6,16,,え！もう終わり!?,
06254.sfm,0xE7,34,,マグログミの色はどんな感じだった？,
06254.sfm,0x10A,6,,正解だ,
06254.sfm,0x111,8,,違うって,
06254.sfm,0x11A,12,,正解はこうだ,
06254.sfm,0x127,12,,時間切れだな,
06255.sfm,0xC9,12,,これでどう？,
06255.sfm,0xD6,16,,え！もう終わり!?,
06255.sfm,0xFE,6,,正解だ,
06255.sfm,0x105,26,,おまえの母親じゃないのか？,
06255.sfm,0x120,12,,正解はこうだ,
06255.sfm,0x12D,12,,時間切れだな,
06256.sfm,0xC9,12,,これでどう？,
06256.sfm,0xD6,16,,え！もう終わり!?,
06256.sfm,0x106,6,,正解だ,
06256.sfm,0x10D,6,,違うな,
06256.sfm,0x114,12,,正解はこうだ,
06256.sfm,0x121,12,,時間切れだな,
06257.sfm,0xC9,12,,これでどう？,
06257.sfm,0xD6,16,,え！もう終わり!?,
06257.sfm,0x100,6,,正解だ,
06257.sfm,0x107,6,,違うな,
06257.sfm,0x10E,12,,正解はこうだ,
06257.sfm,0x11B,12,,時間切れだな,
06258.sfm,0xC9,12,,これでどう？,
06258.sfm,0xD6,16,,え！もう終わり!?,
06258.sfm,0xFF,10,,るんだよ！,
06258.sfm,0x10A,8,,正解だね,
06258.sfm,0x113,12,,違うと思うよ,
06258.sfm,0x120,14,,正解はこうだよ,
06258.sfm,0x12F,12,,時間切れだね,
06262.sfm,0x1B4,6,,　９個,
06262.sfm,0x1BB,6,,１０個,
06262.sfm,0x1C2,6,,１１個,
06262.sfm,0x1C9,6,,　６個,
06262.sfm,0x1D0,25,,"アップルグミの
数は何個？",
06262.sfm,0x1EA,21,,"やれば
できるじゃない",
06262.sfm,0x200,21,,"集中力が
足りないわね",
06262.sfm,0x216,19,,"サンプルに
するわよ",
06262.sfm,0x22A,17,,"マジメに
数えた？",
06262.sfm,0x23C,195,,時間切れよ,
06262.sfm,0x62134,4,,９個,
06262.sfm,0x62139,4,,７個,
06262.sfm,0x6213E,4,,８個,
06263.sfm,0x1B4,6,,　９個,
06263.sfm,0x1BB,6,,１０個,
06263.sfm,0x1C2,6,,１１個,
06263.sfm,0x1C9,6,,　６個,
06263.sfm,0x1D0,53,,"アップルグミ
オレンジグミ
レモングミ
全部で何ガルド？",
06263.sfm,0x206,21,,"やれば
できるじゃない",
06263.sfm,0x21C,21,,"集中力が
足りないわね",
06263.sfm,0x232,19,,"サンプルに
するわよ",
06263.sfm,0x246,17,,"マジメに
数えた？",
06263.sfm,0x258,167,yes,時間切れよ,
06263.sfm,0x15C74,18,,<0B:00000001>%dガルド<0B:00000000>,
06263.sfm,0x15C87,8,,%dガルド,
06264.sfm,0x1B4,10,,チェルシー,
06264.sfm,0x1BF,8,,メルディ,
06264.sfm,0x1C8,8,,アーチェ,
06264.sfm,0x1D7,12,,これは誰だ？,
06264.sfm,0x1E4,12,,まぁ当然だな,
06264.sfm,0x1F1,28,yes,わからないのも、無理はないな,
06264.sfm,0x213,236,,やる気がないのか？,
06265.sfm,0x1B4,10,,どくかます,
06265.sfm,0x1BF,10,,どくさんま,
06265.sfm,0x1CA,10,,どくざます,
06265.sfm,0x1DB,20,,この魚の名前は何だ？,
06265.sfm,0x1F0,12,,まぁ当然だな,
06265.sfm,0x1FD,16,,さんまに毒はない,
06265.sfm,0x20E,30,,ざます、などという魚はいないな,
06265.sfm,0x232,205,,やる気がないのか？,
06266.sfm,0x1B4,16,,グリーンスライム,
06266.sfm,0x1C5,8,,そらまめ,
06266.sfm,0x1CE,12,,ミラクルグミ,
06266.sfm,0x1DB,10,,マグログミ,
06266.sfm,0x1E6,12,,オベロナミン,
06266.sfm,0x1F3,14,,スペシャルグミ,
06266.sfm,0x202,14,,ワンダフルグミ,
06266.sfm,0x211,12,,ウルトラグミ,
06266.sfm,0x21E,24,,これがなにか、わかるか？,
06266.sfm,0x237,14,,よくわかったな,
06266.sfm,0x258,2,yes,？,
06266.sfm,0x25B,8,yes,あまいな,
06266.sfm,0x264,16,yes,そんなグミはない,
06266.sfm,0x275,138,,お前の力は、この程度か,
06267.sfm,0x1B4,4,, Ａ ,
06267.sfm,0x1B9,4,, Ｄ ,
06267.sfm,0x1BE,4,, Ｂ ,
06267.sfm,0x1C3,4,, Ｃ ,
06267.sfm,0x1C8,4,, Ｅ ,
06267.sfm,0x1CD,4,, Ｆ ,
06267.sfm,0x1D2,29,,"セインガルドの兵士は
どれだ？",
06267.sfm,0x1F0,6,,やるな,
06267.sfm,0x1F7,4,,フッ,
06267.sfm,0x1FC,10,,あまいなっ,
06267.sfm,0x207,248,yes,やる気がないのか？,
06268.sfm,0x1B4,4,, Ｄ ,
06268.sfm,0x1B9,4,, Ａ ,
06268.sfm,0x1BE,4,, Ｂ ,
06268.sfm,0x1C3,4,, Ｃ ,
06268.sfm,0x1C8,4,, Ｅ ,
06268.sfm,0x1CD,4,, Ｆ ,
06268.sfm,0x1D2,31,,"ハイデルベルグの門番は
どれだ？",
06268.sfm,0x1F2,6,,やるな,
06268.sfm,0x1F9,4,,フッ,
06268.sfm,0x1FE,10,,あまいなっ,
06268.sfm,0x209,246,,やる気がないのか？,
06269.sfm,0x1B4,8,,カーカー,
06269.sfm,0x1BD,10,,ヤタカラス,
06269.sfm,0x1C8,8,,ピヨピヨ,
06269.sfm,0x1D1,12,,チュンチュン,
06269.sfm,0x1DE,18,,クックドゥードゥー,
06269.sfm,0x1F1,10,,オオカラス,
06269.sfm,0x1FC,10,,オニカラス,
06269.sfm,0x207,10,,クロイトリ,
06269.sfm,0x212,24,,このモンスターの名前は？,
06269.sfm,0x22B,6,,やるな,
06269.sfm,0x232,6,,ちがう,
06269.sfm,0x239,25,,"あと一歩
というところだな",
06269.sfm,0x253,12,,ひねりすぎだ,
06269.sfm,0x260,8,,あまいな,
06269.sfm,0x269,16,,そのまま････だな,
06269.sfm,0x27A,133,,"これしきの問題で
迷ってどうする",
06270.sfm,0x1B4,14,,カンバラーベア,
06270.sfm,0x1C3,10,,ゴッドベア,
06270.sfm,0x1CE,14,,ナンタラーベア,
06270.sfm,0x1DD,14,,ナンプラーベア,
06270.sfm,0x1EC,6,,月の輪,
06270.sfm,0x1F3,18,,かわいいクマちゃん,
06270.sfm,0x206,16,,つよいクマちゃん,
06270.sfm,0x217,14,,カンダターベア,
06270.sfm,0x226,24,,このモンスターの名前は？,
06270.sfm,0x23F,6,,やるな,
06270.sfm,0x246,8,,あまいな,
06270.sfm,0x24F,23,,"そんなに
グミが好きか？",
06270.sfm,0x27C,25,,"お前のセンスは
わからんな",
06270.sfm,0x296,26,,たしかに、強そうだがな････,
06270.sfm,0x2B1,25,,"おしい
････が間違えている",
06270.sfm,0x2CB,52,,反応があまいっ,
06271.sfm,0x1B4,16,,ゴーストが見える,
06271.sfm,0x1C5,12,,グミが増える,
06271.sfm,0x1D2,10,,壁が壊せる,
06271.sfm,0x1DD,14,,死者が目覚める,
06271.sfm,0x1EC,28,,このアイテムの効果はなんだ？,
06271.sfm,0x209,78,,"そう、このカンテラで
ゴーストが<03:00000010>････%Sあっ
<03:00000002>お前の後ろに、ゴーストが！",
06271.sfm,0x258,12,yes,愚か者が････,
06271.sfm,0x265,30,,アイテムの方が壊れると思うがな,
06271.sfm,0x284,8,,無理だな,
06271.sfm,0x28D,114,,やる気がないのか？,
06272.sfm,0x1B4,8,,クレスタ,
06272.sfm,0x1BD,14,,ダリルシェイド,
06272.sfm,0x1CC,12,,アイグレッテ,
06272.sfm,0x1D9,6,,リーネ,
06272.sfm,0x1E0,14,,ノイシュタット,
06272.sfm,0x1EF,14,,ハイデルベルグ,
06272.sfm,0x1FE,10,,ラシュアン,
06272.sfm,0x209,10,,トーティス,
06272.sfm,0x214,17,,"この街は
どこだ？",
06272.sfm,0x226,30,,そう、俺たちの街、クレスタだ！,
06272.sfm,0x245,12,yes,違うって････,
06272.sfm,0x252,17,,どこだ、そりゃ･･･,
06272.sfm,0x264,155,,なんだ、降参か？,
06273.sfm,0x1B4,10,,ラグナ遺跡,
06273.sfm,0x1BF,18,,ハーメンツヴァレー,
06273.sfm,0x1D2,18,,ストレイライズ遺跡,
06273.sfm,0x1EE,12,,ユグドラシル,
06273.sfm,0x1FB,12,,クラウディス,
06273.sfm,0x208,14,,いざないの密林,
06273.sfm,0x217,10,,マグマ遺跡,
06273.sfm,0x222,14,,これはどこだ？,
06273.sfm,0x231,22,,まぁ、わかって当然だな,
06273.sfm,0x248,18,,そうじゃねぇよ････,
06273.sfm,0x25B,32,,まぁ、遺跡って言えば遺跡だが････,
06273.sfm,0x27C,18,,海じゃないだろ････,
06273.sfm,0x28F,16,,違う世界の話か？,
06273.sfm,0x2A0,39,,"うーん････
ある意味、正解だが････違う！",
06273.sfm,0x2C8,18,,どこだ、そりゃ････,
06273.sfm,0x2DB,16,,うーん････近い！,
06273.sfm,0x2EC,19,,なんだ、降参か？,
06274.sfm,0x1B4,14,,ハイデルベルグ,
06274.sfm,0x1C3,14,,ハイベルデルグ,
06274.sfm,0x1D2,16,,ノインシュタット,
06274.sfm,0x1E3,14,,ノイシュタット,
06274.sfm,0x1F2,16,,この街の名前は？,
06274.sfm,0x203,8,,正解だな,
06274.sfm,0x20C,8,yes,違うって,
06274.sfm,0x215,234,,時間切れだな,
06275.sfm,0x1B4,12,,アップルグミ,
06275.sfm,0x1C1,14,,レッドスライム,
06275.sfm,0x1D0,6,,レンズ,
06275.sfm,0x1D7,54,,"これはグミか？
それともレンズか？
はたまたスライムか？",
06275.sfm,0x20E,8,,正解だな,
06275.sfm,0x217,8,,違うって,
06275.sfm,0x220,223,,時間切れだな,
06276.sfm,0x1B4,4,, 青 ,
06276.sfm,0x1B9,4,, 赤 ,
06276.sfm,0x1BE,4,, 白 ,
06276.sfm,0x1C3,4,, 黒 ,
06276.sfm,0x1C8,4,, 黄 ,
06276.sfm,0x1CD,4,, 緑 ,
06276.sfm,0x20D,8,,正解だな,
06276.sfm,0x216,8,yes,違うって,
06276.sfm,0x21F,224,,時間切れだな,
06277.sfm,0x1B4,12,,アンスズーン,
06277.sfm,0x1C1,10,,ロディオン,
06277.sfm,0x1CC,10,,シュサイア,
06277.sfm,0x1D7,10,,イグナシー,
06277.sfm,0x1E2,12,,ベルクラント,
06277.sfm,0x1EF,18,,この場所はどこだ？,
06277.sfm,0x202,95,yes,"中央の妙な形をしたマシンは
空中都市アンスズーンの
全機能をつかさどっている
マザーコンピュータだ",
06277.sfm,0x262,6,yes,違う！,
06277.sfm,0x269,150,,時間切れだ,
06278.sfm,0x1B4,20,,おとなしく座って待つ,
06278.sfm,0x1C9,12,,もじもじ動く,
06278.sfm,0x1D6,14,,本を読み始める,
06278.sfm,0x1E5,18,,髪を風になびかせる,
06278.sfm,0x1F8,18,,こぶしを突き上げる,
06278.sfm,0x20B,98,,"しばらくボタンを押さないと、
アクティブ・パーティ・ウィンドウ内の
チェルシーは、どんな行動をとる？",
06278.sfm,0x26E,6,,正解だ,
06278.sfm,0x275,41,,"それは、同じ条件下で
ルーティが取る行動だ",
06278.sfm,0x29F,41,,"それは、同じ条件下で
フィリアが取る行動だ",
06278.sfm,0x2C9,43,,"それは、同じ条件下で
ウッドロウが取る行動だ",
06278.sfm,0x2F5,39,,"それは、同じ条件下で
スタンが取る行動だ",
06278.sfm,0x31D,226,,時間切れだ,
06279.sfm,0x1B4,10,,イグナシー,
06279.sfm,0x1BF,10,,シュサイア,
06279.sfm,0x1CA,12,,ヘルレイオス,
06279.sfm,0x1D7,12,,アンスズーン,
06279.sfm,0x1E4,12,,ミックハイル,
06279.sfm,0x1F1,18,,この場所はどこだ？,
06279.sfm,0x204,83,,"スタンたちがラディスロウで天上に上った際
はじめて訪れる事になった大規模な空中都市だ",
06279.sfm,0x258,4,yes,違う,
06279.sfm,0x25D,162,,時間切れだ,
06280.sfm,0x1B4,7,yes,HRX-2型,
06280.sfm,0x1C5,7,,HLO-1型,
06280.sfm,0x1CD,7,,HRZ-3型,
06280.sfm,0x1DE,70,,"オレたちが戦うハメになった
<Harold>の発明したロボットの名前って覚えてる？",
06280.sfm,0x225,42,,"あったりー♪
人騒がせだよなー、<Harold>も････",
06280.sfm,0x250,8,,はずれー,
06280.sfm,0x259,10,,残念でした,
06280.sfm,0x264,26,,んんー、ちょっと違うんだな,
06280.sfm,0x27F,128,,"忘れちゃったの？
結構苦戦したのに",
06281.sfm,0x1B4,6,,ガルム,
06281.sfm,0x1BB,8,,ヴォルフ,
06281.sfm,0x1C4,6,,ガルル,
06281.sfm,0x1CB,6,,ドルム,
06281.sfm,0x1D2,63,,"未開の森で捕まえるハメになった
よく燃える牙を持つ動物の名前は？",
06281.sfm,0x212,36,,"正解！
あの時は<Nanaly>がいて助かったよ",
06281.sfm,0x237,20,,ちょっと違うなあ････,
06281.sfm,0x24C,24,,ちょっとかわいいかも････,
06281.sfm,0x265,154,,"すばしっこくて
捕まえるのにあんなに苦労したのに
忘れちゃったのー？",
06282.sfm,0x1B4,8,,ミゲール,
06282.sfm,0x1BD,10,,トーティス,
06282.sfm,0x1C8,12,,ユークリッド,
06282.sfm,0x1D5,8,,ハーメル,
06282.sfm,0x1DE,31,,"眼下に見える町は
どこでしょう？",
06282.sfm,0x1FE,6,,正解ね,
06282.sfm,0x205,6,yes,違うわ,
06282.sfm,0x20C,243,,時間切れね,
06283.sfm,0x1B4,12,,クラースの家,
06283.sfm,0x1C1,10,,クレスの家,
06283.sfm,0x1CC,12,,モリスンの家,
06283.sfm,0x1D9,10,,マルスの家,
06283.sfm,0x1E4,22,,ここは誰の家でしょう？,
06283.sfm,0x1FB,6,,正解ね,
06283.sfm,0x202,6,yes,違うわ,
06283.sfm,0x209,246,,時間切れね,
06284.sfm,0x1B4,10,,バジリスク,
06284.sfm,0x1BF,8,,バグベア,
06284.sfm,0x1C8,10,,バジクリス,
06284.sfm,0x1D3,10,,バンリスク,
06284.sfm,0x1DE,45,,"この辺りで出るモンスターと
言えば何でしょう？",
06284.sfm,0x20C,6,,正解ね,
06284.sfm,0x213,6,yes,違うわ,
06284.sfm,0x21A,229,,時間切れね,
06285.sfm,0x1B4,12,,モーリア坑道,
06285.sfm,0x1C1,8,,闇の洞窟,
06285.sfm,0x1CA,6,,炎の塔,
06285.sfm,0x1D1,8,,氷の洞窟,
06285.sfm,0x1DA,43,,"このモンスターが出てくるのは
どこでしょう？",
06285.sfm,0x206,6,,正解ね,
06285.sfm,0x20D,6,yes,違うわ,
06285.sfm,0x214,235,,時間切れね,
06286.sfm,0x1B4,10,,コングマン,
06286.sfm,0x1BF,6,,スタン,
06286.sfm,0x1C6,6,,リオン,
06286.sfm,0x1CD,10,,ウッドロウ,
06286.sfm,0x1D8,8,,ジョニー,
06286.sfm,0x1E1,12,,これは誰だ？,
06286.sfm,0x1EE,81,,"マイティ・コングマン
スタンたちの旅を助けた
ノイシュタット闘技場の
チャンピオンだ",
06286.sfm,0x240,6,yes,違う！,
06286.sfm,0x247,184,,時間切れだ,
06287.sfm,0x1B4,8,,ジョニー,
06287.sfm,0x1BD,6,,スタン,
06287.sfm,0x1C4,6,,リオン,
06287.sfm,0x1CB,10,,ウッドロウ,
06287.sfm,0x1D6,10,,コングマン,
06287.sfm,0x1E1,12,,これは誰だ？,
06287.sfm,0x1EE,66,,"ジョニー・シデン
スタンたちの旅を助けた
アクアヴェイルの吟遊詩人だ",
06287.sfm,0x231,6,yes,違う！,
06287.sfm,0x238,199,,時間切れだ,
06288.sfm,0x1B4,10,,リーネの村,
06288.sfm,0x1BF,12,,クレスタの街,
06288.sfm,0x1CC,12,,ジェノスの街,
06288.sfm,0x1D9,12,,サイリルの街,
06288.sfm,0x1E6,14,,ハーメンツの村,
06288.sfm,0x1F5,14,,アルメイダの村,
06288.sfm,0x204,22,,ここはどこかわかるか？,
06288.sfm,0x21B,49,,"ここは、スタンさんの故郷
わらぶきの屋根が特徴だな",
06288.sfm,0x24D,8,yes,違うって,
06288.sfm,0x256,169,,時間切れだな,
06289.sfm,0x1B4,12,,クラウディス,
06289.sfm,0x1C1,10,,イグナシー,
06289.sfm,0x1CC,12,,ミックハイル,
06289.sfm,0x1D9,12,,ヘルレイオス,
06289.sfm,0x1E6,10,,シュサイア,
06289.sfm,0x1F1,10,,ロディオン,
06289.sfm,0x1FC,12,,アンスズーン,
06289.sfm,0x209,50,,"この場所は
空中都市のひとつだが
なんという都市だ？",
06289.sfm,0x23C,89,,"空中都市は
機械のようなものがほとんどだが
このクラウディスは
珍しく緑でいっぱいのようだな",
06289.sfm,0x296,6,yes,違う！,
06289.sfm,0x29D,98,,時間切れだ,
06290.sfm,0x1B4,12,,ミックハイル,
06290.sfm,0x1C1,10,,イグナシー,
06290.sfm,0x1CC,12,,ヘルレイオス,
06290.sfm,0x1D9,12,,クラウディス,
06290.sfm,0x1E6,10,,シュサイア,
06290.sfm,0x1F1,10,,ロディオン,
06290.sfm,0x1FC,12,,アンスズーン,
06290.sfm,0x209,48,,"この場所は
空中都市のひとつだが
何という都市だ？",
06290.sfm,0x23A,89,yes,"ここでは
乗ると自動的に向こう岸に渡る
移動床を乗りついで進むんだ
機械化された空中都市だな",
06290.sfm,0x294,6,yes,違う！,
06290.sfm,0x29B,100,,時間切れだ,
06291.sfm,0x1B4,6,,エレキ,
06291.sfm,0x1BB,10,,マンドリン,
06291.sfm,0x1C6,4,,びわ,
06291.sfm,0x1CB,8,,リュート,
06291.sfm,0x1D4,6,,ギター,
06291.sfm,0x1DB,20,,このアイテムは何だ？,
06291.sfm,0x1F0,18,,この白い色が特徴だ,
06291.sfm,0x203,6,yes,違うな,
06291.sfm,0x20A,25,,"ギターは
こんな色ではない",
06291.sfm,0x224,219,,時間切れだ,
06292.sfm,0x1B4,16,,ハイデルベルグ城,
06292.sfm,0x1C5,14,,セインガルド城,
06292.sfm,0x1D4,20,,ストレイライズ大神殿,
06292.sfm,0x1E9,12,,ラディスロウ,
06292.sfm,0x1F6,12,,ベルクラント,
06292.sfm,0x203,12,,ダイクロフト,
06292.sfm,0x210,14,,ここはどこだ？,
06292.sfm,0x21F,93,,"「神の眼」を手にした反乱軍が
ハイデルベルグ城を占拠した時
決戦の場となった
城の最上階の部屋だ",
06292.sfm,0x27D,6,yes,違う！,
06292.sfm,0x284,123,,時間切れだ,
06293.sfm,0x1B4,6,,スタン,
06293.sfm,0x1BB,6,,リオン,
06293.sfm,0x1C2,10,,ウッドロウ,
06293.sfm,0x1CD,8,,ジョニー,
06293.sfm,0x1D6,10,,コングマン,
06293.sfm,0x1E1,12,,これは誰だ？,
06293.sfm,0x1EE,29,,"おまえの父親の
１８年前の姿だ",
06293.sfm,0x20C,6,yes,違う！,
06293.sfm,0x213,236,,時間切れだ,
06294.sfm,0x1B4,10,,レアバード,
06294.sfm,0x1BF,10,,アイバード,
06294.sfm,0x1CA,14,,バンエルティア,
06294.sfm,0x1D9,10,,エルバード,
06294.sfm,0x1E4,30,,この乗り物の名前は何でしょう？,
06294.sfm,0x203,6,,正解ね,
06294.sfm,0x20A,6,yes,違うわ,
06294.sfm,0x211,238,,時間切れね,
06295.sfm,0x1DC,42,,"<Judas>の仮面を
かぶっている、この人は誰だ？",
06295.sfm,0x207,18,,正解、さすがだな！,
06295.sfm,0x21A,8,yes,違うって,
06295.sfm,0x223,220,,時間切れだな,
06296.sfm,0x1C6,8,,ルーティ,
06296.sfm,0x1CF,22,,このヘソは誰のものだ？,
06296.sfm,0x1E6,22,,あまり、見とれてるなよ,
06296.sfm,0x1FD,8,yes,違うって,
06296.sfm,0x206,249,,時間切れだな,
06297.sfm,0x1C0,6,,スタン,
06297.sfm,0x1C7,6,,リオン,
06297.sfm,0x1CE,14,,これ、誰の瞳？,
06297.sfm,0x1DD,10,,そう、オレ,
06297.sfm,0x1E8,8,,違うって,
06297.sfm,0x1F1,19,,"え！
やっぱ似てる？",
06297.sfm,0x205,250,,時間切れー,
06298.sfm,0x1B4,8,,オーガス,
06298.sfm,0x1BD,6,,カエル,
06298.sfm,0x1C4,6,,ナマズ,
06298.sfm,0x1CB,12,,アホロートル,
06298.sfm,0x1D8,54,,"海底洞窟で出現した
モンスターだが
こいつの名前は何だ？",
06298.sfm,0x20F,95,,"本来、珍しい動物なんだが
海底洞窟のような
人の立ち入りがない場所では
はんしょくしていたようだな",
06298.sfm,0x26F,38,,"おい････
こいつが
カエルに見えるのか？",
06298.sfm,0x296,6,,違う！,
06298.sfm,0x29D,98,,時間切れだ,
06299.sfm,0x1B4,24,,ルーティ・クレス・ファラ,
06299.sfm,0x1CD,22,,スタン・ミント・リッド,
06299.sfm,0x1E4,22,,スタン・クレス・ファラ,
06299.sfm,0x1FB,24,,ルーティ・リッド・ミント,
06299.sfm,0x214,113,,"テイルズオブファンダム Vol.1
からの出題よ
これはそのジャケットの絵。描かれている
３人のキャラクターの名前を答えよ",
06299.sfm,0x286,62,,"クレスがカメラ目線で
なんだかゆかいな顔してるのが
いい感じよね",
06299.sfm,0x2C5,108,,"うーん、その３人が描かれた
ジャケットもあったけど、
ファンダム Vol.1 は、ジャケットを
２種類から選べたからね",
06299.sfm,0x332,8,yes,違うわよ,
06299.sfm,0x33B,196,,時間切れー,
06300.sfm,0x1B4,8,,フィリア,
06300.sfm,0x1BD,6,,スタン,
06300.sfm,0x1C4,6,,リオン,
06300.sfm,0x1CB,10,,ウッドロウ,
06300.sfm,0x1D6,8,,ルーティ,
06300.sfm,0x1DF,35,,"このソーディアンの
マスターは誰だ？",
06300.sfm,0x203,6,,正解だ,
06300.sfm,0x20A,6,yes,違う！,
06300.sfm,0x211,238,,時間切れだ,
06301.sfm,0x1B4,6,,シデン,
06301.sfm,0x1BB,8,,モリュウ,
06301.sfm,0x1C4,8,,トウケイ,
06301.sfm,0x1CD,35,,"この絵は
アクアヴェイルのどの街だ？",
06301.sfm,0x1F1,6,,正解だ,
06301.sfm,0x1F8,6,,違う！,
06301.sfm,0x1FF,256,,時間切れだ,
